time	current
0.0	2.5
60.0	2.6311350881
120.0	2.7601018409
180.0	2.7013422683
240.0	2.2599898967
300.0	2.1854438337
360.0	2.1226767649
420.0	2.2156543163
480.0	1.9672702186
540.0	2.118393371
600.0	1.9985231467
660.0	2.4138370559
720.0	2.0684738926
780.0	2.2253448707
840.0	2.6754237798
900.0	2.6843503563
960.0	2.3118970613
1020.0	2.2627154234
1080.0	2.2379879701
1140.0	2.4534401041
1200.0	2.1999505079
1260.0	2.3777859134
1320.0	2.197796807
1380.0	1.8783313952
1440.0	1.6284340529
1500.0	1.7855215962
1560.0	1.7446739838
1620.0	1.5721257442
1680.0	1.5594042801
1740.0	1.7210648676
1800.0	1.7235798519
1860.0	1.4984454442
1920.0	1.5266144835
1980.0	1.701569405
2040.0	1.7958721218
2100.0	1.5591269662
2160.0	1.5305130362
2220.0	1.4099002701
2280.0	1.6225509202
2340.0	1.6955453594
2400.0	2.0022321184
2460.0	1.7320857255
2520.0	1.9242810977
2580.0	1.6902931022
2640.0	1.7882339381
2700.0	1.5144866216
2760.0	1.6103103633
2820.0	1.8870320069
2880.0	1.6897171708
2940.0	1.6934780556
3000.0	1.5953905077
3060.0	2.193646326
3120.0	2.2399734578
3180.0	2.0106996314
3240.0	2.3617081625
3300.0	2.0978543624
3360.0	2.3863814522
3420.0	2.0636687731
3480.0	2.104542231
3540.0	1.8109029438
3600.0	1.7509647415
3660.0	1.9753496198
3720.0	1.9216685372
3780.0	1.9881007736
3840.0	2.1080823277
3900.0	2.0924856108
3960.0	2.3520392524
4020.0	2.2480626079
4080.0	2.2226373136
4140.0	2.3997006751
4200.0	2.1115545567
4260.0	2.0307030174
4320.0	2.1213827028
4380.0	2.4002638174
4440.0	2.2962167474
4500.0	2.1966819667
4560.0	2.4361657298
4620.0	2.3091992293
4680.0	2.3432113178
4740.0	1.963076966
4800.0	2.0987455366
4860.0	2.2242208229
4920.0	2.1164070119
4980.0	2.101757978
5040.0	2.1505006555
5100.0	1.9422131403
5160.0	2.1740819846
5220.0	1.9805807401
5280.0	2.0262748984
5340.0	1.7353810744
5400.0	1.8246682578
5460.0	2.036220064
5520.0	1.8231255656
5580.0	2.1622227776
5640.0	1.9807337425
5700.0	2.2370133854
5760.0	2.3331687027
5820.0	2.1960061883
5880.0	2.4563811317
5940.0	2.180219524
6000.0	2.3829652099
6060.0	2.4422527871
6120.0	2.5015888609
6180.0	2.4174713506
6240.0	2.5182064867
6300.0	2.144704718
6360.0	2.5022780339
6420.0	2.3888784751
6480.0	2.6016745098
6540.0	2.331945629
6600.0	2.7746145596
6660.0	2.6442199514
6720.0	2.6948920718
6780.0	2.7909274095
6840.0	2.9372539583
6900.0	2.7512300078
6960.0	3.0224717702
7020.0	2.6564085053
7080.0	2.5568950425
7140.0	2.8112179009
7200.0	2.4859757205
7260.0	2.8487975066
7320.0	2.6625981488
7380.0	3.0543985953
7440.0	2.8695440612
7500.0	3.035886002
7560.0	2.7419640689
7620.0	2.7668586647
7680.0	2.6670818541
7740.0	2.7239358152
7800.0	2.9081027675
7860.0	2.506214951
7920.0	2.8448315137
7980.0	2.6756517276
8040.0	2.6894651189
8100.0	2.6889255855
8160.0	2.9772373879
8220.0	3.036975356
8280.0	3.1940711365
8340.0	2.9297386924
8400.0	3.3820700589
8460.0	3.3377622039
8520.0	3.2182330185
8580.0	3.1233792814
8640.0	3.2105903476
8700.0	3.069076436
8760.0	3.4634463426
8820.0	3.411392829
8880.0	3.2941755913
8940.0	3.5793119312
9000.0	3.3352028017
9060.0	3.4089485342
9120.0	3.0634568104
9180.0	3.0930178052
9240.0	3.0824268264
9300.0	3.1226784646
9360.0	2.9285399725
9420.0	2.6886136486
9480.0	3.004553483
9540.0	2.9762227824
9600.0	3.0604444388
9660.0	3.5025097846
9720.0	3.3535036828
9780.0	3.0911703877
9840.0	3.024057932
9900.0	2.9289137199
9960.0	2.8967908519
10020.0	2.7719475276
10080.0	2.8486013913
10140.0	2.8482654779
10200.0	2.9362335286
10260.0	2.8665015573
10320.0	3.149717756
10380.0	2.5014699038
10440.0	2.8814528496
10500.0	2.5690033747
10560.0	2.4462233516
10620.0	2.343312732
10680.0	2.4171259479
10740.0	2.2718955966
10800.0	1.9829609544
10860.0	2.4047451375
10920.0	2.1399371737
10980.0	2.6073701926
11040.0	2.4506684013
11100.0	2.4374946221
11160.0	2.2688357782
11220.0	2.5540225605
11280.0	2.5607660632
11340.0	2.6252459819
11400.0	2.7288867915
11460.0	2.5754827309
11520.0	2.8583056176
11580.0	2.3472090555
11640.0	2.7043028778
11700.0	2.4991370144
11760.0	2.5087275748
11820.0	2.5828241415
11880.0	2.6132273175
11940.0	2.6482925294
12000.0	3.2129359202
12060.0	2.9214368212
12120.0	2.8727210139
12180.0	3.1031837955
12240.0	3.1532679331
12300.0	2.8949369298
12360.0	2.9273262393
12420.0	3.2200529851
12480.0	3.1162948308
12540.0	3.271459399
12600.0	3.1692824942
12660.0	3.0621170801
12720.0	2.9391984875
12780.0	2.848530443
12840.0	3.2229171499
12900.0	3.0433206093
12960.0	2.9583134246
13020.0	3.0854368909
13080.0	3.2191455361
13140.0	3.3692384367
13200.0	3.1354007112
13260.0	2.9183427759
13320.0	3.2059591346
13380.0	3.2623778794
13440.0	3.5556168799
13500.0	3.4444226457
13560.0	3.3803244859
13620.0	3.3746268326
13680.0	3.2639505154
13740.0	3.4481251107
13800.0	3.6496396581
13860.0	3.8381654313
13920.0	3.9050285258
13980.0	3.7326957103
14040.0	3.7278949208
14100.0	4.0201935514
14160.0	4.0430231396
14220.0	4.0327844092
14280.0	3.8247552819
14340.0	3.4942867658
14400.0	4.1023384041
14460.0	4.1778593503
14520.0	4.3019605387
14580.0	4.5391508529
14640.0	4.0002383836
14700.0	3.9688306193
14760.0	3.9553419432
14820.0	3.9884425487
14880.0	3.9905749359
14940.0	4.1700734156
15000.0	4.1162167498
15060.0	4.2820303907
15120.0	4.2906196518
15180.0	4.5095169422
15240.0	4.2541345477
15300.0	4.4438532414
15360.0	4.8134898593
15420.0	4.8270988918
15480.0	4.6453361744
15540.0	4.6312345936
15600.0	4.5432438445
15660.0	4.8114034754
15720.0	4.7589474531
15780.0	4.5272934441
15840.0	4.3937413881
15900.0	4.1444029728
15960.0	4.5474451126
16020.0	4.5913294667
16080.0	4.6171170391
16140.0	4.4596460488
16200.0	4.347158796
16260.0	4.4123089544
16320.0	4.3578888072
16380.0	4.3623632778
16440.0	4.4778996685
16500.0	4.5868476827
16560.0	4.2076569237
16620.0	4.3914092197
16680.0	4.3476037584
16740.0	4.530961256
16800.0	4.2349513191
16860.0	4.0130049634
16920.0	4.0486273465
16980.0	4.034228923
17040.0	4.2650478005
17100.0	3.9091643086
17160.0	3.9880400817
17220.0	3.7633002967
17280.0	3.6949028093
17340.0	3.8700338373
17400.0	4.0141311032
17460.0	3.4796222903
17520.0	3.9635774591
17580.0	3.7881768532
17640.0	3.8323495638
17700.0	3.9887685308
17760.0	3.8031818768
17820.0	4.0798282212
17880.0	3.8945973405
17940.0	3.7448919579
18000.0	4.1232397749
18060.0	3.9817481435
18120.0	4.0071078251
18180.0	3.8867378997
18240.0	4.1265997079
18300.0	4.1712922552
18360.0	4.0922770286
18420.0	3.9571965411
18480.0	3.9084295032
18540.0	4.4389614088
18600.0	4.7035180966
18660.0	4.3585139485
18720.0	4.2567077949
18780.0	4.5333924359
18840.0	4.3636884944
18900.0	4.1406872458
18960.0	4.1120953756
19020.0	4.1301931727
19080.0	4.0885846213
19140.0	4.2483563543
19200.0	4.8378308986
19260.0	4.5086341753
19320.0	4.3308714532
19380.0	4.0132473315
19440.0	4.1549896715
19500.0	4.379740257
19560.0	4.4447174744
19620.0	4.1245801657
19680.0	4.5327703489
19740.0	4.7609028189
19800.0	4.9330901049
19860.0	4.8225263253
19920.0	4.6609273553
19980.0	4.9090897104
20040.0	4.9325609405
20100.0	4.4168080451
20160.0	4.3772174844
20220.0	4.5565032837
20280.0	4.4881414136
20340.0	4.5968935338
20400.0	4.6190160689
20460.0	4.320978265
20520.0	4.533724933
20580.0	4.6609386958
20640.0	4.6069975313
20700.0	4.5075950629
20760.0	4.301876533
20820.0	4.6691427001
20880.0	4.6855388657
20940.0	4.8370891645
21000.0	4.3136149361
21060.0	4.4171575289
21120.0	4.3289350475
21180.0	4.4092238579
21240.0	4.4663057218
21300.0	4.5644023656
21360.0	4.418652036
21420.0	4.4170645096
21480.0	4.4093246349
21540.0	4.7499245504
21600.0	4.6904671745
21660.0	4.77567848
21720.0	4.9771284041
21780.0	4.5915130687
21840.0	4.2673242361
21900.0	4.8627072651
21960.0	4.5703091855
22020.0	4.3123568463
22080.0	4.402116183
22140.0	4.5124527478
22200.0	4.250314404
22260.0	4.4208447664
22320.0	4.5142080269
22380.0	4.2810828309
22440.0	4.5134565024
22500.0	4.5618058255
22560.0	4.640225074
22620.0	4.3833827745
22680.0	4.6433023374
22740.0	4.7472451721
22800.0	4.5385364301
22860.0	4.6297702929
22920.0	4.4927535241
22980.0	4.4942051837
23040.0	4.7003979624
23100.0	4.7136155827
23160.0	4.8110810909
23220.0	4.5526850972
23280.0	4.6351723147
23340.0	4.8582779871
23400.0	5.0743519209
23460.0	4.9267571337
23520.0	5.027752401
23580.0	4.737035196
23640.0	5.0347430493
23700.0	4.9220709136
23760.0	4.6134043193
23820.0	4.6038612932
23880.0	4.5769942003
23940.0	4.6289243267
24000.0	4.7652632502
24060.0	4.745972519
24120.0	4.6652335828
24180.0	4.5948032906
24240.0	4.8467947725
24300.0	4.7391432324
24360.0	4.7648673136
24420.0	4.9185247936
24480.0	4.9267940727
24540.0	4.7868915104
24600.0	4.8161960596
24660.0	5.1344481024
24720.0	4.8060527478
24780.0	4.8956577044
24840.0	5.0987144623
24900.0	5.0063390986
24960.0	4.8324459041
25020.0	4.7908847418
25080.0	4.8788702765
25140.0	5.0746131195
25200.0	4.8053024428
25260.0	4.9104124133
25320.0	4.6626464629
25380.0	4.9214366006
25440.0	4.8923389265
25500.0	5.2603980504
25560.0	5.1510680139
25620.0	5.2831332758
25680.0	5.2432453606
25740.0	5.1351228115
25800.0	5.2152741245
25860.0	4.6686089287
25920.0	4.5196228852
25980.0	5.0474767896
26040.0	4.6282802588
26100.0	4.3162938814
26160.0	4.5881635608
26220.0	4.6313056585
26280.0	4.6170782428
26340.0	4.8734398586
26400.0	4.8534346242
26460.0	5.1194317939
26520.0	4.9822768948
26580.0	4.5936721377
26640.0	4.2782906492
26700.0	4.3785196077
26760.0	4.7189611513
26820.0	4.0671689312
26880.0	3.907144411
26940.0	4.560516662
27000.0	4.1936385273
27060.0	4.1860573599
27120.0	4.163152641
27180.0	3.8842747236
27240.0	4.390627061
27300.0	4.3427451821
27360.0	3.8929158083
27420.0	3.9521908328
27480.0	3.976856846
27540.0	4.1348010055
27600.0	4.1729396965
27660.0	3.799608222
27720.0	4.3241207649
27780.0	4.1750556679
27840.0	4.1697067693
27900.0	3.9347215644
27960.0	4.0774888672
28020.0	4.0975782097
28080.0	3.8645475821
28140.0	4.0449680003
28200.0	4.0178689727
28260.0	3.7561952514
28320.0	3.5586811313
28380.0	3.3932989052
28440.0	3.4462390665
28500.0	3.5539655056
28560.0	3.4310711361
28620.0	3.4042166332
28680.0	3.401727777
28740.0	3.5256831897
28800.0	3.3420456398
28860.0	3.3713245632
28920.0	3.258809853
28980.0	3.2933913393
29040.0	3.161985881
29100.0	3.1814197841
29160.0	3.2293339486
29220.0	3.418429087
29280.0	3.1947217128
29340.0	2.9571003245
29400.0	3.4603417892
29460.0	3.2035194478
29520.0	3.5791945512
29580.0	3.2982189483
29640.0	3.4749242301
29700.0	3.2612767499
29760.0	3.3282927221
29820.0	3.229200654
29880.0	3.5020383326
29940.0	3.761584575
30000.0	3.7058572668
30060.0	3.8937059471
30120.0	3.783876485
30180.0	3.7050153621
30240.0	3.9282803943
30300.0	3.991162239
30360.0	4.0453284518
30420.0	4.3690744659
30480.0	4.0284614064
30540.0	4.5147480373
30600.0	4.3651777483
30660.0	4.3679897231
30720.0	4.4927208121
30780.0	4.2894655206
30840.0	4.5296325092
30900.0	4.5855678095
30960.0	4.5694777592
31020.0	4.4454853525
31080.0	4.2027820746
31140.0	4.5552278461
31200.0	4.4443345721
31260.0	4.3774153242
31320.0	4.33884389
31380.0	4.6377670773
31440.0	4.765873398
31500.0	4.7478600838
31560.0	4.6706017629
31620.0	4.8104455388
31680.0	4.8266180593
31740.0	4.8128896973
31800.0	5.2121590984
31860.0	4.8049667353
31920.0	4.9382470348
31980.0	4.4928965319
32040.0	4.6361795545
32100.0	4.4039172276
32160.0	4.36247071
32220.0	4.4358716365
32280.0	4.2625762332
32340.0	4.3864764038
32400.0	4.8412426491
32460.0	4.8135023982
32520.0	4.7417167604
32580.0	4.775234496
32640.0	4.5225164374
32700.0	4.7532992491
32760.0	4.7147458217
32820.0	4.8634573221
32880.0	4.8838199587
32940.0	4.7988689451
33000.0	4.9012588997
33060.0	5.017698232
33120.0	5.2134213498
33180.0	5.4192433103
33240.0	5.4122047407
33300.0	5.3226130734
33360.0	5.1553448743
33420.0	5.2411477153
33480.0	5.4381331047
33540.0	5.3133521214
33600.0	5.2874702125
33660.0	5.1976753014
33720.0	5.3828489518
33780.0	5.2916396456
33840.0	5.5781058629
33900.0	5.3917314028
33960.0	5.3068369629
34020.0	5.8428907779
34080.0	5.8277338498
34140.0	5.5271612814
34200.0	5.4959026587
34260.0	5.435991405
34320.0	5.3595052272
34380.0	5.8137783589
34440.0	5.4919757055
34500.0	5.5492526068
34560.0	5.4583836227
34620.0	5.5975399382
34680.0	5.5151347274
34740.0	5.0919216042
34800.0	5.3558298574
34860.0	5.1911722841
34920.0	5.0848926654
34980.0	5.2304001352
35040.0	5.1272641889
35100.0	5.3355688923
35160.0	5.3505539219
35220.0	5.1079818182
35280.0	5.8250845957
35340.0	5.7034658395
35400.0	5.9213104396
35460.0	5.727762863
35520.0	5.6460833596
35580.0	5.9312001244
35640.0	5.8194474058
35700.0	5.6876243032
35760.0	5.5593318354
35820.0	5.5706307903
35880.0	5.1454541031
35940.0	5.3423096664
36000.0	5.2361922395
36060.0	5.3069425678
36120.0	5.1583811239
36180.0	5.1874331882
36240.0	4.8754857342
36300.0	4.9875672931
36360.0	5.2204547016
36420.0	4.9810448977
36480.0	5.3963820413
36540.0	5.6437344503
36600.0	5.1578507286
36660.0	5.2311867863
36720.0	5.1718790855
36780.0	5.2366416567
36840.0	5.4273039674
36900.0	5.2614134096
36960.0	4.6978845945
37020.0	4.8303965152
37080.0	4.858909553
37140.0	4.8596312985
37200.0	4.8309942304
37260.0	5.1493404878
37320.0	4.6628281838
37380.0	4.6656067761
37440.0	4.3893919936
37500.0	4.6136042546
37560.0	4.6513067581
37620.0	4.5666331773
37680.0	4.677655914
37740.0	4.279318164
37800.0	4.498976745
37860.0	4.3293680602
37920.0	4.2641886675
37980.0	4.2106318893
38040.0	4.2688227103
38100.0	4.292251877
38160.0	4.4040652818
38220.0	4.3685011687
38280.0	4.2766941243
38340.0	4.0283546903
38400.0	4.2931412816
38460.0	4.3231323689
38520.0	3.987186723
38580.0	4.2071783952
38640.0	4.4178449211
38700.0	4.3534483259
38760.0	4.5340632259
38820.0	4.8460006163
38880.0	4.7706951409
38940.0	4.3643053786
39000.0	4.7919860969
39060.0	4.7277990623
39120.0	4.8226338541
39180.0	4.6461015474
39240.0	5.0125631344
39300.0	5.2766310791
39360.0	4.9876641816
39420.0	4.8065068567
39480.0	5.0941431664
39540.0	4.9621044263
39600.0	4.9858177682
39660.0	4.8007425637
39720.0	4.5065838723
39780.0	4.9152012426
39840.0	4.886792117
39900.0	4.6793615167
39960.0	4.8372454987
40020.0	4.8393680871
40080.0	4.6750067709
40140.0	4.6647612765
40200.0	4.6062459433
40260.0	4.6566902942
40320.0	4.8360523645
40380.0	4.8891019524
40440.0	4.8539094056
40500.0	4.9543160412
40560.0	4.7389721909
40620.0	4.486723435
40680.0	4.84707623
40740.0	4.6552833002
40800.0	4.6418894719
40860.0	4.5551333917
40920.0	5.0472167944
40980.0	5.0305577528
41040.0	4.7972925445
41100.0	4.9214902017
41160.0	4.9171531598
41220.0	4.9155572518
41280.0	4.9970731137
41340.0	5.2856376177
41400.0	5.1896753162
41460.0	5.3785671964
41520.0	5.3966771096
41580.0	4.9690828359
41640.0	5.1646684183
41700.0	5.0336950143
41760.0	5.3755287482
41820.0	5.4021473719
41880.0	5.1785880714
41940.0	5.3278170537
42000.0	5.0352127263
42060.0	4.9069808303
42120.0	5.2541728901
42180.0	5.2613125214
42240.0	5.4760942239
42300.0	5.0994505974
42360.0	4.9834106655
42420.0	5.4200102341
42480.0	5.5271238632
42540.0	5.5061735626
42600.0	5.6053852265
42660.0	5.2520581197
42720.0	5.398830896
42780.0	5.6713910452
42840.0	5.2091882479
42900.0	5.2433804976
42960.0	5.6485156535
43020.0	5.8027281547
43080.0	5.3177717247
43140.0	5.317034947
43200.0	5.3482580747
43260.0	5.0882983071
43320.0	5.2177966546
43380.0	5.6240807077
43440.0	5.0907837945
43500.0	5.1367048611
43560.0	5.0273870963
43620.0	5.0179600233
43680.0	4.9695872187
43740.0	4.7745292531
43800.0	4.8008844233
43860.0	4.9079382368
43920.0	4.6643050878
43980.0	4.9164751566
44040.0	4.5648344219
44100.0	4.7034392309
44160.0	4.7944100366
44220.0	4.7980004334
44280.0	5.0604550634
44340.0	4.9675813216
44400.0	5.0567967457
44460.0	5.0561257045
44520.0	5.0228345648
44580.0	5.1844597717
44640.0	5.6355733194
44700.0	5.4849893847
44760.0	5.3876330973
44820.0	5.2864565574
44880.0	5.2974886092
44940.0	5.4841404145
45000.0	5.3733646196
45060.0	5.437943581
45120.0	5.4307352161
45180.0	5.5484362883
45240.0	5.2231130196
45300.0	5.2691607983
45360.0	5.5357820883
45420.0	5.1320189908
45480.0	5.2375320608
45540.0	5.0486812444
45600.0	5.2494606983
45660.0	5.0511230325
45720.0	5.4130486535
45780.0	5.8236022816
45840.0	5.5245641093
45900.0	5.6677580535
45960.0	5.7331735384
46020.0	5.9764481151
46080.0	5.7525559289
46140.0	5.5275396907
46200.0	5.3850607901
46260.0	5.7008531002
46320.0	5.7495958034
46380.0	5.4263093938
46440.0	5.5035637004
46500.0	5.4101724075
46560.0	5.9108543815
46620.0	6.1924991169
46680.0	5.8592427658
46740.0	5.6340941935
46800.0	5.8731045397
46860.0	5.7465908743
46920.0	5.5309789578
46980.0	5.6024337731
47040.0	5.4790806136
47100.0	5.6678463067
47160.0	5.5548752357
47220.0	5.8765869288
47280.0	6.1133965466
47340.0	6.016850391
47400.0	5.8247303828
47460.0	5.9970433894
47520.0	6.0823658513
47580.0	5.9422026453
47640.0	5.6339208353
47700.0	5.4842087326
47760.0	5.4398938805
47820.0	5.6836845321
47880.0	5.7348710333
47940.0	5.5855941409
48000.0	5.2946768746
48060.0	5.7499188648
48120.0	5.6417080599
48180.0	5.6123097936
48240.0	5.5141047175
48300.0	5.5622654234
48360.0	5.7291101958
48420.0	5.9344658318
48480.0	5.582370557
48540.0	6.3276892742
48600.0	6.3476688572
48660.0	6.2305829864
48720.0	6.2461496072
48780.0	6.3954563771
48840.0	6.2950108064
48900.0	6.5336073651
48960.0	6.5401609659
49020.0	6.5388864558
49080.0	6.2779623111
49140.0	5.9641922105
49200.0	5.8948475662
49260.0	6.063750836
49320.0	5.9852801973
49380.0	6.169121229
49440.0	6.0168978785
49500.0	5.8050227809
49560.0	5.8632165381
49620.0	5.8103834165
49680.0	5.7246527846
49740.0	6.0507437643
49800.0	5.7606734879
49860.0	5.4748438644
49920.0	5.1761358223
49980.0	5.4576375893
50040.0	5.8944589984
50100.0	5.8702644945
50160.0	5.9764018906
50220.0	5.9567345069
50280.0	5.7234279015
50340.0	5.4766138435
50400.0	5.589762616
50460.0	5.5155499393
50520.0	5.5673975254
50580.0	5.6882159016
50640.0	5.4471245156
50700.0	5.4103804309
50760.0	5.5564429763
50820.0	5.4913117967
50880.0	5.5411473032
50940.0	5.5242468081
51000.0	5.6104344114
51060.0	5.3977520866
51120.0	5.4240693691
51180.0	5.4073896137
51240.0	5.5322531782
51300.0	5.6409610102
51360.0	5.805493184
51420.0	5.6716291506
51480.0	5.6923358407
51540.0	5.4726703187
51600.0	5.6446859316
51660.0	5.3589851279
51720.0	5.4052146351
51780.0	5.9954527604
51840.0	5.6626609306
51900.0	5.583135127
51960.0	5.4962956337
52020.0	5.6678516632
52080.0	5.6081158546
52140.0	5.6756598293
52200.0	5.7433262561
52260.0	5.6915406658
52320.0	5.708835245
52380.0	5.8277941858
52440.0	6.1549882632
52500.0	5.900261761
52560.0	6.4069621243
52620.0	6.2003479524
52680.0	5.9007944305
52740.0	5.8089133735
52800.0	5.9338592312
52860.0	6.0552232302
52920.0	6.2088306934
52980.0	5.830831715
53040.0	5.5751092803
53100.0	6.0285407116
53160.0	5.8754471009
53220.0	5.8868633473
53280.0	5.9132106863
53340.0	5.7980830506
53400.0	6.2126882485
53460.0	6.0604882968
53520.0	6.045279518
53580.0	6.326663364
53640.0	6.3064360577
53700.0	6.1942081899
53760.0	6.1375274777
53820.0	6.0280516811
53880.0	6.3688837904
53940.0	6.2333325036
54000.0	5.9913091057
54060.0	6.1054817256
54120.0	6.1983507325
54180.0	5.969158461
54240.0	6.2955950923
54300.0	6.2262667953
54360.0	5.9885742712
54420.0	5.8083103088
54480.0	6.1121254785
54540.0	6.2853364518
54600.0	6.3392854968
54660.0	5.7828522653
54720.0	5.9437657935
54780.0	5.9644125738
54840.0	6.3044657794
54900.0	6.0751540616
54960.0	6.1762382328
55020.0	6.0840578336
55080.0	6.1740838448
55140.0	5.7586850335
55200.0	5.5846144423
55260.0	6.1335301628
55320.0	5.9313532598
55380.0	5.9813192565
55440.0	5.9669978132
55500.0	5.8391093511
55560.0	6.1283416422
55620.0	6.1784633498
55680.0	5.5248857475
55740.0	5.4619319091
55800.0	5.4015241333
55860.0	5.8149107703
55920.0	5.8981636732
55980.0	5.9663448922
56040.0	6.1363072154
56100.0	5.9381131282
56160.0	5.961982622
56220.0	5.832086267
56280.0	5.6381370399
56340.0	5.9208615125
56400.0	6.0267566095
56460.0	6.1758347075
56520.0	5.6777011214
56580.0	5.4853282543
56640.0	5.8207738491
56700.0	5.9395025903
56760.0	5.7106566275
56820.0	5.9145385698
56880.0	5.8542125565
56940.0	5.7765875722
57000.0	5.772985694
57060.0	5.836716844
57120.0	5.6323679126
57180.0	6.1434263249
57240.0	5.6797045861
57300.0	6.0691924706
57360.0	5.6888876347
57420.0	5.7169200895
57480.0	6.2361225351
57540.0	6.139022582
57600.0	6.2467046016
57660.0	6.736465716
57720.0	6.8324390289
57780.0	6.8234899592
57840.0	6.6368219776
57900.0	6.7616538029
57960.0	6.6576490571
58020.0	6.2378449612
58080.0	6.3345926486
58140.0	6.3985837996
58200.0	6.6646837868
58260.0	6.670394581
58320.0	6.6173860759
58380.0	6.6365480741
58440.0	6.4818544585
58500.0	6.2823669707
58560.0	6.5934990785
58620.0	6.2161319423
58680.0	6.5643161619
58740.0	6.4394536174
58800.0	5.9810776239
58860.0	6.3104546764
58920.0	6.3188764858
58980.0	6.6055946305
59040.0	6.4073787169
59100.0	6.4686561647
59160.0	6.4963526518
59220.0	6.3975759508
59280.0	6.2476551199
59340.0	6.4490440711
59400.0	6.6864384671
59460.0	6.3279743243
59520.0	6.573710989
59580.0	6.5474864027
59640.0	6.7088736622
59700.0	6.4625368573
59760.0	6.8842488371
59820.0	6.6267855279
59880.0	6.5228787971
59940.0	6.462301318
60000.0	6.1324369988
60060.0	6.23008318
60120.0	6.2972453724
60180.0	6.1451338795
60240.0	6.1482682405
60300.0	6.2104215818
60360.0	6.2203035348
60420.0	6.0656555417
60480.0	5.8013434162
60540.0	5.5734531722
60600.0	5.5605718012
60660.0	5.6598260555
60720.0	5.888191911
60780.0	6.1426696328
60840.0	5.636600504
60900.0	5.4738677117
60960.0	5.9304331046
61020.0	5.2852476161
61080.0	5.5581580093
61140.0	5.7942384684
61200.0	5.435845988
61260.0	5.6385521874
61320.0	5.615457113
61380.0	5.4131410446
61440.0	5.5008059599
61500.0	5.156713184
61560.0	5.1998809243
61620.0	5.0055290765
61680.0	5.2616152287
61740.0	5.0072154946
61800.0	4.9503461536
61860.0	4.7606264604
61920.0	4.7986719126
61980.0	4.6350606527
62040.0	4.0685556373
62100.0	4.522976337
62160.0	4.346362014
62220.0	4.4499007439
62280.0	4.610545676
62340.0	4.559847326
62400.0	4.4904743464
62460.0	4.1663105679
62520.0	4.5864910856
62580.0	4.4668747793
62640.0	4.4182393377
62700.0	4.5848227164
62760.0	4.3614424715
62820.0	4.0995752908
62880.0	4.4491205816
62940.0	4.0377474322
63000.0	3.9257572191
63060.0	3.6068097367
63120.0	4.0258202521
63180.0	4.0589501219
63240.0	4.5194251926
63300.0	4.4690815132
63360.0	4.2280686386
63420.0	4.0457453482
63480.0	4.2267701657
63540.0	4.2083780663
63600.0	4.2122776827
63660.0	4.0469564578
63720.0	3.844270682
63780.0	4.0360119737
63840.0	4.1803488314
63900.0	4.0139743535
63960.0	4.029540761
64020.0	3.7939745547
64080.0	3.8006830381
64140.0	3.8358741097
64200.0	3.7987380584
64260.0	4.0816295121
64320.0	3.9598246523
64380.0	3.6967867026
64440.0	3.7095226011
64500.0	4.0058495357
64560.0	4.1598518225
64620.0	4.1476798351
64680.0	4.3958105982
64740.0	4.4761866207
64800.0	4.5507949626
64860.0	4.3175981403
64920.0	4.2319034035
64980.0	4.2313686032
65040.0	3.9427976744
65100.0	4.1510449067
65160.0	4.1215677181
65220.0	3.9974210415
65280.0	4.0232632002
65340.0	3.9327789173
65400.0	4.2331967047
65460.0	4.1115708093
65520.0	4.2422428826
65580.0	4.1533428632
65640.0	4.2433870795
65700.0	3.7279398443
65760.0	3.7483934763
65820.0	3.6777769825
65880.0	3.5979414067
65940.0	3.9516481014
66000.0	3.5057738189
66060.0	3.405823769
66120.0	2.9797526801
66180.0	3.2040304183
66240.0	3.1686991973
66300.0	3.5303788602
66360.0	3.2220966317
66420.0	3.099151852
66480.0	3.0547299538
66540.0	3.4251092514
66600.0	3.2441084512
66660.0	2.9185022265
66720.0	2.6055639894
66780.0	3.3536626584
66840.0	3.5086491466
66900.0	3.6368285565
66960.0	3.5054494716
67020.0	3.7691144057
67080.0	3.0969256994
67140.0	3.4128741758
67200.0	3.3803647674
67260.0	3.0197496498
67320.0	3.1840203118
67380.0	3.3826767864
67440.0	3.3892714845
67500.0	3.2079999227
67560.0	3.3444661778
67620.0	3.2811686283
67680.0	3.2959416754
67740.0	3.0910266221
67800.0	3.1647490723
67860.0	2.9089259585
67920.0	3.3979519514
67980.0	3.1499731198
68040.0	2.6261125608
68100.0	2.8389029518
68160.0	2.8511965677
68220.0	2.6870304995
68280.0	3.1404676626
68340.0	2.9009377238
68400.0	3.3167865065
68460.0	3.1559377173
68520.0	3.1437811632
68580.0	3.1700093237
68640.0	3.1320546324
68700.0	3.1405722179
68760.0	2.995711086
68820.0	2.9532934194
68880.0	3.184532057
68940.0	3.26606542
69000.0	3.1939798773
69060.0	2.7526357683
69120.0	2.6588311004
69180.0	2.2535447506
69240.0	2.5244099524
69300.0	2.4156309795
69360.0	2.3656515863
69420.0	2.0992071221
69480.0	2.242798645
69540.0	2.0519342747
69600.0	2.1949846924
69660.0	2.4215467741
69720.0	2.4114317308
69780.0	2.0908871496
69840.0	2.2398025759
69900.0	2.0147402958
69960.0	2.1090042648
70020.0	2.4836713703
70080.0	2.4217781216
70140.0	1.8369723402
70200.0	2.0988932261
70260.0	1.9327816626
70320.0	2.2238568848
70380.0	1.9978225606
70440.0	2.210044541
70500.0	2.4758980114
70560.0	2.0487829374
70620.0	2.1648917019
70680.0	2.0265590994
70740.0	1.8224535567
70800.0	2.1371825107
70860.0	1.8383155573
70920.0	1.7565488715
70980.0	1.590837424
71040.0	1.7355583326
71100.0	1.7006702511
71160.0	1.5803108141
71220.0	1.7052616536
71280.0	1.8835184691
71340.0	1.7888768985
71400.0	1.9727287591
71460.0	1.8917492516
71520.0	1.9850742453
71580.0	2.0260619339
71640.0	2.0295739454
71700.0	2.1040185825
71760.0	2.1367872489
71820.0	2.0771100023
71880.0	1.8565800307
71940.0	2.1791298162
72000.0	2.5116368255
72060.0	2.444652788
72120.0	2.3743059428
72180.0	2.4785444368
72240.0	2.5949285983
72300.0	2.7579559323
72360.0	2.4229296457
72420.0	2.1971529305
72480.0	2.6821812765
72540.0	2.4412765853
72600.0	2.283693878
72660.0	2.2580184986
72720.0	2.4337969987
72780.0	2.3345845427
72840.0	2.0860350566
72900.0	2.4863046206
72960.0	2.2233404304
73020.0	2.3759239213
73080.0	2.1382273672
73140.0	2.3321267698
73200.0	2.0342485582
73260.0	2.2456465261
73320.0	2.2500666714
73380.0	2.370123472
73440.0	2.670970823
73500.0	2.5558950111
73560.0	2.6539960473
73620.0	2.9292770573
73680.0	2.8158009573
73740.0	2.6307039969
73800.0	2.7440988494
73860.0	3.2556009121
73920.0	3.0246078397
73980.0	2.9100108735
74040.0	2.655213719
74100.0	2.727847518
74160.0	2.5098045798
74220.0	2.5641554017
74280.0	2.4551540969
74340.0	2.5392519743
74400.0	2.4818199053
74460.0	2.9034547589
74520.0	2.4781284862
74580.0	2.5964743429
74640.0	2.2964447461
74700.0	2.4090139313
74760.0	2.5556213107
74820.0	2.5703239123
74880.0	2.5208876992
74940.0	2.3612890948
75000.0	2.6298656971
75060.0	2.9242338062
75120.0	2.9016093457
75180.0	2.7632869273
75240.0	2.6452296579
75300.0	2.5727423541
75360.0	2.6280890124
75420.0	2.8667683312
75480.0	2.5356330831
75540.0	2.4759169841
75600.0	2.5983336912
75660.0	2.8234959198
75720.0	2.72534192
75780.0	2.5358358938
75840.0	2.2053560404
75900.0	2.2701972257
75960.0	2.1123583303
76020.0	2.1049991368
76080.0	2.0935582284
76140.0	2.0050360292
76200.0	1.9887193896
76260.0	1.9730293504
76320.0	2.2646520827
76380.0	2.2359921031
76440.0	2.0796443331
76500.0	1.8842547693
76560.0	1.7703585253
76620.0	1.8794437939
76680.0	1.9160127074
76740.0	1.7656798579
76800.0	2.10083452
76860.0	2.0372484487
76920.0	1.8341107309
76980.0	1.9598778731
77040.0	1.5881250166
77100.0	2.0192197881
77160.0	2.0112698853
77220.0	1.8956968478
77280.0	1.8490068371
77340.0	2.1129957134
77400.0	1.7745037438
77460.0	1.9379629706
77520.0	1.7591184411
77580.0	1.7370924324
77640.0	1.8489983164
77700.0	1.4625192351
77760.0	1.8533297223
77820.0	1.6347656488
77880.0	1.4072666566
77940.0	1.5830469807
78000.0	1.5053330842
78060.0	1.7240564055
78120.0	1.6829765324
78180.0	1.9218885358
78240.0	1.6439555262
78300.0	1.9123739217
78360.0	1.6913107746
78420.0	1.8614699591
78480.0	1.9988365738
78540.0	1.7681141283
78600.0	1.7195098946
78660.0	1.6360695466
78720.0	1.9045545555
78780.0	1.8126695653
78840.0	1.7484570078
78900.0	1.8139295567
78960.0	2.1137746681
79020.0	2.1117783311
79080.0	2.0155290361
79140.0	2.1294841629
79200.0	1.9941082959
79260.0	2.2461684216
79320.0	2.1628728341
79380.0	2.3954717476
79440.0	2.4373107658
79500.0	2.5774085833
79560.0	2.2281485055
79620.0	2.687739585
79680.0	2.8422928252
79740.0	3.1174418095
79800.0	3.0883516811
79860.0	3.011032641
79920.0	3.0525744073
79980.0	3.1363829705
80040.0	2.8486829424
80100.0	2.6478123184
80160.0	2.409187913
80220.0	2.112457997
80280.0	2.6267163611
80340.0	2.1998683955
80400.0	2.3565883829
80460.0	2.2074137643
80520.0	2.1107611002
80580.0	2.2094756129
80640.0	2.2027838193
80700.0	2.3642950179
80760.0	2.4410045024
80820.0	2.2060642097
80880.0	2.2616225731
80940.0	2.3717453901
81000.0	2.3880784433
81060.0	2.0922872248
81120.0	2.5157236424
81180.0	2.3839644333
81240.0	2.5092495925
81300.0	2.4236215093
81360.0	2.5227731663
81420.0	2.1803071243
81480.0	1.8831204294
81540.0	2.0528290866
81600.0	2.3326427309
81660.0	2.1076423802
81720.0	2.2358750688
81780.0	2.1324010566
81840.0	2.4075834297
81900.0	2.0879433947
81960.0	2.2657093362
82020.0	2.1085314716
82080.0	2.1974142837
82140.0	2.029726138
82200.0	2.0055571213
82260.0	1.9066316986
82320.0	1.8105201341
82380.0	1.9200132303
82440.0	2.0431523926
82500.0	1.8769660342
82560.0	2.0345680998
82620.0	2.0380568365
82680.0	2.1620409086
82740.0	1.955120853
82800.0	2.0271952446
82860.0	1.7438935857
82920.0	2.2888762162
82980.0	2.2078933443
83040.0	2.2161040355
83100.0	2.0964007842
83160.0	2.3327909585
83220.0	2.4665116931
83280.0	1.953210605
83340.0	2.3015132887
83400.0	2.3465069355
83460.0	2.3794684435
83520.0	2.4489769328
83580.0	2.220364847
83640.0	2.0459262543
83700.0	2.4214042393
83760.0	2.2870794836
83820.0	2.1949623158
83880.0	2.2233991371
83940.0	2.1620775105
84000.0	1.9661361629
84060.0	2.0408796729
84120.0	2.064953117
84180.0	2.1550127052
84240.0	1.8777970269
84300.0	2.220785984
84360.0	2.0930570097
84420.0	1.9472276481
84480.0	2.0837428772
84540.0	2.040067767
84600.0	1.8113140948
84660.0	1.955156642
84720.0	2.0129729022
84780.0	2.1292965394
84840.0	2.0744133701
84900.0	1.8923455792
84960.0	1.8360525533
85020.0	1.8089922376
85080.0	1.9873504268
85140.0	1.9166622904
85200.0	2.0116931104
85260.0	2.0568077282
85320.0	2.0004651
85380.0	1.7630215054
85440.0	1.9239805314
85500.0	1.5988428975
85560.0	1.655830311
85620.0	1.5636836607
85680.0	1.8138422295
85740.0	1.7243469623
85800.0	1.7729264887
85860.0	1.5454633235
85920.0	1.7969404846
85980.0	1.5623217487
86040.0	1.7573328712
86100.0	1.741053106
86160.0	1.9244390988
86220.0	1.853800536
86280.0	1.8806166737
86340.0	1.6509258133
86400.0	1.9011311536
86460.0	1.909564604
86520.0	1.7184192745
86580.0	1.380947019
86640.0	1.4073489246
86700.0	1.4026691855
86760.0	1.2495408968
86820.0	1.2686881488
86880.0	1.1281045125
86940.0	1.1611941495
87000.0	1.6206813421
87060.0	1.5109308745
87120.0	1.3538852075
87180.0	1.700653762
87240.0	1.4997004567
87300.0	1.6124421061
87360.0	1.7826756146
87420.0	1.9474316865
87480.0	1.6967512199
87540.0	1.8476791602
87600.0	2.0314322269
87660.0	1.9624285905
87720.0	2.2076274137
87780.0	1.6017870222
87840.0	1.726318994
87900.0	1.6664239599
87960.0	2.094336271
88020.0	1.5834876556
88080.0	1.8674217446
88140.0	1.8169531041
88200.0	1.6065383764
88260.0	1.8709171655
88320.0	1.7173718609
88380.0	2.0833837017
88440.0	2.0402981229
88500.0	2.2112984605
88560.0	2.1296087984
88620.0	1.9711104008
88680.0	1.9959396387
88740.0	1.8110864402
88800.0	1.8874398969
88860.0	2.0199408821
88920.0	2.1125237529
88980.0	2.4781404005
89040.0	2.2810969502
89100.0	2.279552851
89160.0	2.2781590126
89220.0	2.2844022982
89280.0	2.0481449517
89340.0	2.3047139233
89400.0	1.944361434
89460.0	1.9541210201
89520.0	2.2061878335
89580.0	2.586482686
89640.0	2.4408974967
89700.0	2.2140746937
89760.0	2.3837778658
89820.0	2.3438493452
89880.0	2.3306213768
89940.0	2.1689424113
90000.0	2.681687949
90060.0	2.569934288
90120.0	2.4668423289
90180.0	2.8510067709
90240.0	2.5525482166
90300.0	2.3369535564
90360.0	2.7613792345
90420.0	2.6815221874
90480.0	2.3561933052
90540.0	2.3917601569
90600.0	2.2949108163
90660.0	2.0593456245
90720.0	2.1889025819
90780.0	2.0001490354
90840.0	2.1045149575
90900.0	2.4557866733
90960.0	2.4014608654
91020.0	2.3683474083
91080.0	2.4920053493
91140.0	2.633265415
91200.0	2.7170826467
91260.0	2.043682877
91320.0	1.8651997424
91380.0	1.9544757189
91440.0	2.1603861513
91500.0	2.1115427901
91560.0	1.8839794793
91620.0	1.9766630177
91680.0	2.3956984055
91740.0	2.0214574313
91800.0	2.2863621982
91860.0	2.2114645325
91920.0	2.0365613634
91980.0	2.2865557365
92040.0	2.1435343094
92100.0	2.3272612849
92160.0	1.9748110238
92220.0	2.0287242903
92280.0	1.6109394706
92340.0	1.6038356627
92400.0	1.7932650951
92460.0	1.7531006625
92520.0	1.8446649443
92580.0	1.6215374561
92640.0	1.8487265703
92700.0	2.131570259
92760.0	2.0705833202
92820.0	2.1076389445
92880.0	1.9420972583
92940.0	2.0717687932
93000.0	1.8132885788
93060.0	1.9054120695
93120.0	1.5894136317
93180.0	1.8870715611
93240.0	1.8730508879
93300.0	2.212523135
93360.0	1.9052112562
93420.0	2.1435601332
93480.0	2.4884805722
93540.0	2.5664556256
93600.0	2.3443880668
93660.0	2.3227180769
93720.0	2.5801122345
93780.0	2.584753916
93840.0	2.7975142669
93900.0	2.5773863512
93960.0	2.6200174561
94020.0	2.7012815493
94080.0	2.6274684571
94140.0	2.5644625901
94200.0	2.4642057837
94260.0	2.3536596394
94320.0	1.9918249842
94380.0	2.2866572886
94440.0	2.3341766855
94500.0	2.2888579465
94560.0	2.1405056489
94620.0	2.2023274847
94680.0	2.3800854907
94740.0	2.4427065146
94800.0	2.3046779357
94860.0	2.5834006187
94920.0	2.8798282138
94980.0	2.8587329636
95040.0	2.7053995561
95100.0	2.8806129453
95160.0	3.2258791149
95220.0	2.9078304937
95280.0	2.9080781727
95340.0	2.9164364468
95400.0	2.9593833759
95460.0	3.1617996018
95520.0	2.9945396311
95580.0	2.9136351303
95640.0	2.9459048003
95700.0	2.9216416972
95760.0	2.6966809366
95820.0	2.4610311038
95880.0	2.8273895164
95940.0	2.7498294875
96000.0	2.780958648
96060.0	3.0092546153
96120.0	2.8640568699
96180.0	2.563244633
96240.0	2.8451933678
96300.0	2.8440379483
96360.0	3.0820415252
96420.0	2.9308129738
96480.0	2.9345068118
96540.0	2.8585665894
96600.0	2.6818962405
96660.0	2.8061087831
96720.0	2.9619520955
96780.0	2.8244210059
96840.0	2.4995266788
96900.0	2.6239392194
96960.0	2.5568424708
97020.0	2.7747375983
97080.0	2.957490863
97140.0	2.8962072886
97200.0	2.792914892
97260.0	2.8423560776
97320.0	2.7042053276
97380.0	2.7625754763
97440.0	3.006910471
97500.0	2.777079039
97560.0	2.7776677413
97620.0	2.7313271159
97680.0	2.8968326384
97740.0	2.7086728488
97800.0	2.7319129859
97860.0	2.7089844299
97920.0	2.6292126156
97980.0	2.6713169177
98040.0	2.6863446188
98100.0	2.6366791336
98160.0	2.9097368511
98220.0	2.4722359164
98280.0	3.2351676926
98340.0	2.9770282057
98400.0	2.9926893875
98460.0	2.9019781437
98520.0	2.5690289993
98580.0	2.9285594845
98640.0	2.8663504182
98700.0	3.1093380248
98760.0	3.0674700581
98820.0	3.3302835313
98880.0	3.3038587519
98940.0	3.0865602745
99000.0	2.8076116769
99060.0	3.1330629401
99120.0	3.3059326246
99180.0	3.3789329312
99240.0	3.1998360919
99300.0	3.2595791753
99360.0	2.946486008
99420.0	3.2046246697
99480.0	3.0557274364
99540.0	3.1538216344
99600.0	3.4630527481
99660.0	3.505994286
99720.0	3.456461165
99780.0	3.4777082464
99840.0	3.5450386839
99900.0	3.9179218057
99960.0	3.3483130565
100020.0	3.4597837978
100080.0	3.7600507731
100140.0	3.6732647537
100200.0	3.4245008019
100260.0	3.6037065508
100320.0	3.3691730434
100380.0	3.5430480514
100440.0	3.3037308695
100500.0	2.9673636483
100560.0	3.1872871215
100620.0	3.0912739627
100680.0	3.3128727305
100740.0	3.6169560447
100800.0	3.3184503494
100860.0	2.7543726505
100920.0	2.8425412941
100980.0	2.7358621911
101040.0	2.7006342763
101100.0	2.4455578054
101160.0	2.6711469657
101220.0	2.8984356998
101280.0	2.6781081747
101340.0	2.9373949775
101400.0	3.0585856159
101460.0	2.5552436479
101520.0	2.6182384014
101580.0	2.7586183152
101640.0	3.14649705
101700.0	2.6016198747
101760.0	2.9091243287
101820.0	3.3337472038
101880.0	3.228787891
101940.0	3.1156667624
102000.0	3.1001859707
102060.0	3.386542836
102120.0	3.2743361293
102180.0	3.56894799
102240.0	3.5158181162
102300.0	3.6747860549
102360.0	3.430208333
102420.0	3.3274011641
102480.0	3.5996179027
102540.0	3.7759108365
102600.0	4.0537352002
102660.0	4.2281373641
102720.0	3.9232200743
102780.0	4.1326865549
102840.0	4.1038718673
102900.0	4.0994016088
102960.0	4.2038005335
103020.0	3.8306307411
103080.0	3.9101484847
103140.0	3.9903591882
103200.0	3.9648492476
103260.0	4.038669147
103320.0	3.8997515664
103380.0	3.9025196387
103440.0	3.8240007577
103500.0	3.8345863263
103560.0	3.8227207839
103620.0	4.1054533967
103680.0	4.2067690388
103740.0	4.5188376955
103800.0	4.3966195468
103860.0	4.4005354839
103920.0	4.52093663
103980.0	4.6602099322
104040.0	4.5427744031
104100.0	4.4009368872
104160.0	4.4942474266
104220.0	4.7769130712
104280.0	4.3780048345
104340.0	4.2727905517
104400.0	4.1665865706
104460.0	4.3986129907
104520.0	4.7083733205
104580.0	4.5807216348
104640.0	4.662673407
104700.0	4.7152721731
104760.0	4.7495654561
104820.0	4.8770765397
104880.0	4.7111787426
104940.0	4.8524658611
105000.0	4.6383578289
105060.0	4.5126307022
105120.0	4.5237248203
105180.0	4.5594813146
105240.0	4.370969308
105300.0	4.544747514
105360.0	4.5955636421
105420.0	4.7050093616
105480.0	4.7782054284
105540.0	4.9198847505
105600.0	4.667089734
105660.0	4.5508913638
105720.0	4.6755013771
105780.0	4.6443776816
105840.0	4.1704599551
105900.0	4.5666523614
105960.0	4.5492548485
106020.0	4.1098627918
106080.0	4.3623568397
106140.0	4.2890192708
106200.0	4.4112812533
106260.0	4.6190520202
106320.0	4.2980905444
106380.0	4.2292357385
106440.0	4.1072485532
106500.0	4.2390104384
106560.0	4.30147935
106620.0	4.3596236613
106680.0	4.1652274576
106740.0	4.3699530726
106800.0	4.4636340599
106860.0	4.236671603
106920.0	4.6960635937
106980.0	4.2230880086
107040.0	4.522722083
107100.0	4.5310149461
107160.0	4.7121021431
107220.0	4.5451890731
107280.0	4.1208838674
107340.0	4.0256539261
107400.0	4.1734359549
107460.0	3.9630503705
107520.0	4.2766232847
107580.0	4.2367180888
107640.0	4.4292699558
107700.0	4.2538329727
107760.0	4.2225674195
107820.0	4.3888553046
107880.0	4.4572238797
107940.0	4.4881109367
108000.0	4.3818445122
108060.0	4.5203525773
108120.0	4.4912949635
108180.0	4.2919658658
108240.0	4.588823365
108300.0	4.4798101636
108360.0	4.3567271335
108420.0	4.5112539054
108480.0	4.4895223181
108540.0	4.2840686888
108600.0	4.4556075134
108660.0	4.4277423116
108720.0	4.1550309847
108780.0	4.1127666146
108840.0	3.9897996937
108900.0	4.1020482818
108960.0	4.167292335
109020.0	4.0071734712
109080.0	4.0534138286
109140.0	4.0706728433
109200.0	4.170936884
109260.0	4.2514017979
109320.0	4.273700628
109380.0	4.0819330662
109440.0	4.0106815669
109500.0	3.9964024332
109560.0	4.0455519961
109620.0	4.2114379897
109680.0	3.9855102611
109740.0	4.2840278349
109800.0	4.3264466779
109860.0	4.3682307197
109920.0	4.2136838566
109980.0	4.1505804354
110040.0	4.0897534536
110100.0	3.9045296684
110160.0	4.1574156761
110220.0	4.3469789916
110280.0	4.6670464813
110340.0	4.4637945464
110400.0	4.2883881718
110460.0	4.3387594586
110520.0	3.8593513994
110580.0	3.6758183343
110640.0	3.7724499066
110700.0	3.9665545158
110760.0	3.9133898639
110820.0	3.8851269491
110880.0	4.4326020448
110940.0	4.2495469042
111000.0	4.1404576892
111060.0	4.0996285914
111120.0	4.065446601
111180.0	4.3496987312
111240.0	4.5025158023
111300.0	4.4467950353
111360.0	4.0591443348
111420.0	3.9226067604
111480.0	3.9232722676
111540.0	3.8690786618
111600.0	3.6597494703
111660.0	3.9910077281
111720.0	4.1103498191
111780.0	4.0676184758
111840.0	3.7518880067
111900.0	3.6636694959
111960.0	4.1378961183
112020.0	4.502788974
112080.0	3.9746673758
112140.0	4.5350330271
112200.0	4.9812102896
112260.0	4.6017545658
112320.0	4.8863125155
112380.0	4.7693446007
112440.0	4.5980046411
112500.0	4.9435760737
112560.0	4.571371761
112620.0	4.8915276894
112680.0	4.7769257682
112740.0	4.9849121432
112800.0	4.8361178042
112860.0	4.6522285622
112920.0	4.6729155877
112980.0	4.7594566543
113040.0	4.647315107
113100.0	4.7809258638
113160.0	4.6627661223
113220.0	4.4188267463
113280.0	4.8817630939
113340.0	4.5960731007
113400.0	4.7552726538
113460.0	4.5826870477
113520.0	4.4339232266
113580.0	4.5775836381
113640.0	4.7928179129
113700.0	4.7540959008
113760.0	5.05795112
113820.0	4.9428842811
113880.0	4.816246401
113940.0	4.9483965871
114000.0	4.7475356238
114060.0	4.910582504
114120.0	4.8252148216
114180.0	5.0070450722
114240.0	4.6029710801
114300.0	4.8249581946
114360.0	4.6885077063
114420.0	4.7347426451
114480.0	5.0432728723
114540.0	4.8296699944
114600.0	4.9113743818
114660.0	4.8427690103
114720.0	4.8523899743
114780.0	4.56515203
114840.0	4.6794836792
114900.0	4.816859719
114960.0	4.875921364
115020.0	4.8173039152
115080.0	4.8282401993
115140.0	4.2719551935
115200.0	4.7450084127
115260.0	5.0441318348
115320.0	4.7830580476
115380.0	4.5954118837
115440.0	4.8871557616
115500.0	4.7228848455
115560.0	5.0596838851
115620.0	5.0437698867
115680.0	5.1276509661
115740.0	4.9247512325
115800.0	4.6803147967
115860.0	4.8476064542
115920.0	4.9105274345
115980.0	5.2460395609
116040.0	4.8329624951
116100.0	4.811537299
116160.0	4.7144092047
116220.0	5.0313588225
116280.0	4.9694255286
116340.0	4.8748824989
116400.0	4.6783814238
116460.0	4.6261693754
116520.0	4.6443938604
116580.0	5.0355510604
116640.0	4.6319552627
116700.0	4.6843010261
116760.0	4.6594589421
116820.0	4.6846269265
116880.0	4.8118672348
116940.0	4.4451628348
117000.0	4.2614777339
117060.0	4.3032973153
117120.0	4.2664671963
117180.0	4.2427384494
117240.0	4.4504557735
117300.0	4.3497039415
117360.0	4.8315567254
117420.0	4.8196540526
117480.0	4.9695704591
117540.0	4.9414527677
117600.0	4.7862469377
117660.0	5.2898152712
117720.0	5.131632627
117780.0	5.0232615662
117840.0	4.6035568596
117900.0	5.0123043504
117960.0	4.9046620543
118020.0	5.3623541707
118080.0	5.1969450681
118140.0	4.8506136077
118200.0	5.0336597206
118260.0	5.1245355608
118320.0	5.0568316698
118380.0	4.9526324392
118440.0	4.8357707407
118500.0	5.2780796241
118560.0	5.0672949286
118620.0	4.6903187785
118680.0	4.855322955
118740.0	4.769583972
118800.0	4.8846425314
118860.0	4.816443317
118920.0	5.0103743564
118980.0	4.5010286292
119040.0	4.5094878199
119100.0	4.1155472797
119160.0	4.2843191838
119220.0	4.4796701508
119280.0	4.3677582006
119340.0	4.5351707428
119400.0	4.7301416958
119460.0	4.5935756565
119520.0	5.0065075904
119580.0	4.4961751678
119640.0	4.0833742817
119700.0	4.6006854936
119760.0	4.4283213251
119820.0	4.8351743432
119880.0	4.5922556104
119940.0	4.5649169167
120000.0	4.4810684458
120060.0	4.4969528743
120120.0	4.5709861404
120180.0	4.9644770746
120240.0	5.0551917686
120300.0	4.9085705777
120360.0	5.1448499338
120420.0	4.9097507959
120480.0	4.7732205072
120540.0	4.6673152405
120600.0	5.1264526454
120660.0	4.8804265374
120720.0	4.4545734036
120780.0	4.7101557523
120840.0	4.6177389508
120900.0	4.4167167441
120960.0	4.3805934655
121020.0	4.5300333739
121080.0	4.4344448922
121140.0	4.3048940425
121200.0	4.2490603327
121260.0	4.2430735118
121320.0	4.019897197
121380.0	4.0286291545
121440.0	3.8471260644
121500.0	3.9614885341
121560.0	3.350017225
121620.0	3.44177815
121680.0	3.6700977151
121740.0	3.7327011299
121800.0	3.7022706006
121860.0	3.8681689205
121920.0	4.1298954172
121980.0	3.6951187702
122040.0	3.8678167507
122100.0	3.8010118021
122160.0	3.8733568009
122220.0	3.9322732027
122280.0	4.1574984648
122340.0	4.093443039
122400.0	3.4958015453
122460.0	3.8527982288
122520.0	3.718571623
122580.0	3.659374767
122640.0	3.8251454211
122700.0	3.8046890654
122760.0	3.8424020576
122820.0	3.5865356897
122880.0	3.5697221484
122940.0	3.9137221657
123000.0	3.7464705066
123060.0	3.6452564853
123120.0	3.7496143198
123180.0	4.0805812414
123240.0	4.3178043417
123300.0	4.2187918796
123360.0	4.3497935688
123420.0	4.1928034629
123480.0	4.1291602888
123540.0	4.1101701323
123600.0	4.5542014852
123660.0	4.6272788947
123720.0	4.131778941
123780.0	4.1916547196
123840.0	4.4195671466
123900.0	4.2513200072
123960.0	4.2718179581
124020.0	4.0975440508
124080.0	4.5095824793
124140.0	4.1562264936
124200.0	3.9091260393
124260.0	4.5467395048
124320.0	4.5228390005
124380.0	4.2739540734
124440.0	4.1280432027
124500.0	4.1934768487
124560.0	3.9083612522
124620.0	4.0681167294
124680.0	4.535210106
124740.0	4.3131948371
124800.0	4.3241704706
124860.0	4.5774497648
124920.0	5.0695411438
124980.0	5.0136451232
125040.0	5.0223564491
125100.0	5.3180993988
125160.0	5.2594655456
125220.0	4.9489322698
125280.0	4.7450917086
125340.0	4.8980401592
125400.0	4.7117913779
125460.0	4.6116270695
125520.0	4.7180126563
125580.0	4.6102330277
125640.0	4.5859025547
125700.0	4.6303932786
125760.0	4.9000183875
125820.0	5.0861702126
125880.0	4.9883595313
125940.0	4.8684313143
126000.0	4.9131252606
126060.0	4.863006748
126120.0	4.7441607186
126180.0	4.9666702944
126240.0	4.8314770593
126300.0	5.0606714868
126360.0	4.9780955641
126420.0	4.7900894925
126480.0	4.6758211044
126540.0	4.6009315137
126600.0	4.7869289998
126660.0	4.4062431287
126720.0	4.4226940128
126780.0	4.6789583364
126840.0	4.501107262
126900.0	4.0979749184
126960.0	4.0449724257
127020.0	4.2916478803
127080.0	3.804130794
127140.0	3.8933507161
127200.0	3.8592912267
127260.0	3.5507211086
127320.0	3.6225422904
127380.0	3.4283118381
127440.0	3.6598483835
127500.0	3.7623628253
127560.0	3.8521762667
127620.0	3.9173432979
127680.0	3.5889374273
127740.0	3.352321858
127800.0	3.6540263799
127860.0	3.6025170288
127920.0	3.7529833677
127980.0	3.9460379591
128040.0	3.7698390406
128100.0	4.0158643418
128160.0	4.0758713232
128220.0	4.0718025091
128280.0	3.7603117477
128340.0	3.5867391636
128400.0	3.8707234708
128460.0	3.8421945775
128520.0	3.6304451269
128580.0	3.6605117458
128640.0	3.8974551319
128700.0	3.6733383809
128760.0	3.7586754529
128820.0	3.9946978296
128880.0	3.5818820581
128940.0	3.5274538391
129000.0	3.7837217679
129060.0	3.7272776243
129120.0	3.7526741253
129180.0	3.8526047112
129240.0	3.6636709769
129300.0	4.1312124243
129360.0	3.8692982552
129420.0	3.7901944127
129480.0	3.7581604725
129540.0	3.5412062249
129600.0	3.5505326045
129660.0	3.6768633214
129720.0	3.7179041562
129780.0	3.533940972
129840.0	3.3791448843
129900.0	3.2983664263
129960.0	3.7100438494
130020.0	3.6140655105
130080.0	3.9014090245
130140.0	3.5058395766
130200.0	3.2805850724
130260.0	2.9179849552
130320.0	3.1081358405
130380.0	3.6434108355
130440.0	3.0608969852
130500.0	3.2850035863
130560.0	3.2998824473
130620.0	3.6426373485
130680.0	3.6012394742
130740.0	3.5767938757
130800.0	3.7002090789
130860.0	3.9472585051
130920.0	3.5414051323
130980.0	3.6046400828
131040.0	4.0463880199
131100.0	4.1176036954
131160.0	4.1305673885
131220.0	3.9796117379
131280.0	4.1988330427
131340.0	4.0093563971
131400.0	4.1475983659
131460.0	4.3849029046
131520.0	4.3160295011
131580.0	4.1899417504
131640.0	4.2977728076
131700.0	4.109921676
131760.0	4.3600436372
131820.0	4.4045570463
131880.0	4.609803827
131940.0	5.0347779551
132000.0	4.724204436
132060.0	4.8883371696
132120.0	4.9917918947
132180.0	4.9554506038
132240.0	5.2193527739
132300.0	5.0768457782
132360.0	5.0115192528
132420.0	5.4322289674
132480.0	5.6781957748
132540.0	5.3527349537
132600.0	5.3426968631
132660.0	5.3762833872
132720.0	5.2009454931
132780.0	5.2527600953
132840.0	5.0929918847
132900.0	5.2033232229
132960.0	5.5877148472
133020.0	5.2855426149
133080.0	5.4307156374
133140.0	5.0344668198
133200.0	5.0517549543
133260.0	5.3008857806
133320.0	5.205074039
133380.0	5.1305772275
133440.0	5.304109778
133500.0	5.3830215399
133560.0	5.6751866147
133620.0	5.6713272228
133680.0	5.6732948395
133740.0	5.9650137341
133800.0	5.5788635616
133860.0	5.6259083803
133920.0	5.2400147931
133980.0	5.385348619
134040.0	5.2356643885
134100.0	4.8937120397
134160.0	5.0550094068
134220.0	4.9065416653
134280.0	5.1426990907
134340.0	4.9643562186
134400.0	5.001148591
134460.0	4.9574385057
134520.0	5.2390643031
134580.0	5.2672677255
134640.0	5.138246095
134700.0	5.3628853019
134760.0	5.3691610331
134820.0	5.1351894805
134880.0	5.1007136559
134940.0	5.0549854999
135000.0	4.8133887711
135060.0	4.4877491009
135120.0	4.6034440356
135180.0	4.6364939323
135240.0	4.4722978998
135300.0	4.9126049817
135360.0	4.7261980647
135420.0	4.5596755333
135480.0	4.2098564624
135540.0	4.2912960838
135600.0	4.4880607723
135660.0	4.3588120258
135720.0	4.2043829009
135780.0	4.6441369221
135840.0	4.5451888236
135900.0	4.7971752487
135960.0	4.645983668
136020.0	4.8059860037
136080.0	4.5999107347
136140.0	4.4730479296
136200.0	4.8137867243
136260.0	4.6094949453
136320.0	4.3552849382
136380.0	4.6645763794
136440.0	4.6429250483
136500.0	4.8749025669
136560.0	5.1272220383
136620.0	4.7383800319
136680.0	4.44042097
136740.0	4.4837593632
136800.0	4.2187271064
136860.0	4.4294982562
136920.0	4.4676551934
136980.0	4.5792033499
137040.0	4.819170196
137100.0	4.6676154908
137160.0	4.6793533633
137220.0	4.5160264591
137280.0	4.8627208191
137340.0	4.8143485236
137400.0	4.6585451496
137460.0	4.7157598486
137520.0	4.6581601121
137580.0	4.5364452517
137640.0	4.5962736657
137700.0	4.5014921867
137760.0	4.6223718797
137820.0	4.5568724949
137880.0	4.4055373035
137940.0	4.722336844
138000.0	4.4958982013
138060.0	4.2986602633
138120.0	4.1543902868
138180.0	4.2730768213
138240.0	4.2423468844
138300.0	4.1957211546
138360.0	4.2461837547
138420.0	3.7867907274
138480.0	4.4174228058
138540.0	4.5527291114
138600.0	4.4473432623
138660.0	4.5399126313
138720.0	4.7838303214
138780.0	4.6244731076
138840.0	4.5583072009
138900.0	4.615741582
138960.0	4.637988917
139020.0	4.474841158
139080.0	4.2265095772
139140.0	4.3867124197
139200.0	4.2106015362
139260.0	4.3070002637
139320.0	4.0553240121
139380.0	3.5706722772
139440.0	3.8859954696
139500.0	3.7917465839
139560.0	4.0188344064
139620.0	3.7138108113
139680.0	3.6106034171
139740.0	3.7259412891
139800.0	3.6774063625
139860.0	3.6973099309
139920.0	3.514366788
139980.0	3.6365326782
140040.0	3.6902236637
140100.0	3.5674750388
140160.0	3.6385000491
140220.0	3.3969381743
140280.0	4.0454974821
140340.0	4.1139375436
140400.0	3.8179711882
140460.0	4.0751215204
140520.0	4.2599935617
140580.0	3.9000326946
140640.0	4.0409913882
140700.0	4.1482410285
140760.0	3.9812161379
140820.0	3.7668557989
140880.0	3.6264169355
140940.0	3.764729518
141000.0	3.673726042
141060.0	3.8540163529
141120.0	3.5536617672
141180.0	3.7396241611
141240.0	3.7807595083
141300.0	3.8398945591
141360.0	3.6730830092
141420.0	3.8713377487
141480.0	3.7635458958
141540.0	3.9069177978
141600.0	3.8275224822
141660.0	4.0627490882
141720.0	3.4937774534
141780.0	3.6912507658
141840.0	3.6533645457
141900.0	3.5696539162
141960.0	3.6547352217
142020.0	3.8760572276
142080.0	4.1113258952
142140.0	4.4612031319
142200.0	4.1381585717
142260.0	4.2338655367
142320.0	4.1681940432
142380.0	4.1929359263
142440.0	4.1535137013
142500.0	4.1414302405
142560.0	4.1121610175
142620.0	4.1579830926
142680.0	4.4611655193
142740.0	4.391520344
142800.0	3.9551082901
142860.0	4.3282201485
142920.0	4.3699224128
142980.0	4.081752349
143040.0	3.9101405072
143100.0	4.1256469116
143160.0	4.2108230676
143220.0	4.3541395374
143280.0	4.437808867
143340.0	4.2110292708
143400.0	4.5831545502
143460.0	4.4355429436
143520.0	4.136546817
143580.0	4.3794586257
143640.0	4.1550485129
143700.0	4.4078583193
143760.0	4.2858284252
143820.0	4.0101852209
143880.0	3.937706058
143940.0	4.0695331104
144000.0	4.0197505702
144060.0	3.8640590834
144120.0	4.1433595475
144180.0	4.2861224544
144240.0	4.399525386
144300.0	3.9127417907
144360.0	4.0166422127
144420.0	3.978806918
144480.0	4.2183559465
144540.0	4.0981433838
144600.0	4.4057307284
144660.0	4.2317199513
144720.0	4.2694941408
144780.0	4.408778648
144840.0	4.3906123766
144900.0	4.6696016684
144960.0	4.5521988299
145020.0	4.7497929201
145080.0	4.6868531308
145140.0	4.3124590001
145200.0	4.393562462
145260.0	4.4781856634
145320.0	4.5113373452
145380.0	4.2343061219
145440.0	3.9930510115
145500.0	3.7370801055
145560.0	3.7665333299
145620.0	4.0986402991
145680.0	4.3366926659
145740.0	4.2510043495
145800.0	4.4819452861
145860.0	4.7505231368
145920.0	4.5799661497
145980.0	4.6188562848
146040.0	4.3281543817
146100.0	4.3810714793
146160.0	4.6270252924
146220.0	4.5031657827
146280.0	4.3150067429
146340.0	4.2870378882
146400.0	4.3674005029
146460.0	4.0174181238
146520.0	4.5427238155
146580.0	3.852356075
146640.0	4.4261020896
146700.0	4.3872886471
146760.0	4.6548798923
146820.0	4.7511590176
146880.0	4.4289905725
146940.0	4.3221032685
147000.0	4.1477723546
147060.0	4.0048286059
147120.0	4.3490096566
147180.0	4.1651378945
147240.0	4.2488237388
147300.0	4.0324024555
147360.0	4.1491320308
147420.0	3.9214984224
147480.0	3.5497851503
147540.0	3.8172064631
147600.0	3.7253707791
147660.0	3.8695009967
147720.0	3.8624061761
147780.0	3.7567534289
147840.0	3.4769642887
147900.0	3.5991891471
147960.0	3.7582267995
148020.0	3.5368201957
148080.0	3.6338782942
148140.0	3.5566350106
148200.0	3.4103271497
148260.0	3.7343309226
148320.0	3.6970835824
148380.0	3.7435558054
148440.0	3.6319506097
148500.0	3.6410132456
148560.0	3.7027647083
148620.0	3.9790180782
148680.0	3.7564138304
148740.0	4.0598380744
148800.0	3.6393054458
148860.0	3.6977090748
148920.0	3.7040859207
148980.0	3.7107713107
149040.0	3.736266147
149100.0	3.5108340554
149160.0	3.6112172488
149220.0	3.6666651164
149280.0	3.7413875508
149340.0	3.4229357149
149400.0	3.9484207755
149460.0	4.037451437
149520.0	3.8358486958
149580.0	3.7005504967
149640.0	3.7672234684
149700.0	3.8458449166
149760.0	3.7662094772
149820.0	4.0451248415
149880.0	3.9815279891
149940.0	4.0399545151
150000.0	3.9159272977
150060.0	3.4798937067
150120.0	3.89514351
150180.0	4.0455864068
150240.0	3.9068811048
150300.0	4.131764263
150360.0	4.352865445
150420.0	4.1041795311
150480.0	3.9863958069
150540.0	4.0386062791
150600.0	4.4770500558
150660.0	4.0714988472
150720.0	4.3359147424
150780.0	4.5743514366
150840.0	3.9337899637
150900.0	4.1789494272
150960.0	4.1975574389
151020.0	4.3092129066
151080.0	4.1848416877
151140.0	4.1446049357
151200.0	4.2713491034
151260.0	4.3092492082
151320.0	4.1863296671
151380.0	4.4882760504
151440.0	4.4679958888
151500.0	4.3682486122
151560.0	4.107768491
151620.0	4.2288929827
151680.0	4.2631287864
151740.0	4.1585254437
151800.0	3.9105636266
151860.0	4.1058606459
151920.0	3.8394434466
151980.0	4.24066988
152040.0	4.0633268068
152100.0	3.8630201307
152160.0	3.7799683837
152220.0	3.8564185491
152280.0	3.7842813448
152340.0	3.6786847836
152400.0	3.2705900649
152460.0	3.4384719168
152520.0	3.1578734914
152580.0	3.2808403546
152640.0	3.2403272036
152700.0	3.1869448226
152760.0	3.031788909
152820.0	3.0637852623
152880.0	3.275419514
152940.0	2.8677133622
153000.0	3.2481542282
153060.0	3.1411081806
153120.0	3.2546365936
153180.0	3.1825186483
153240.0	3.3584274429
153300.0	3.2988773995
153360.0	3.1733056754
153420.0	3.3383819289
153480.0	3.5906542573
153540.0	3.300010081
153600.0	2.9980637746
153660.0	3.0041887021
153720.0	2.8768105722
153780.0	2.9552136894
153840.0	2.7636515999
153900.0	3.1068575724
153960.0	3.1755922624
154020.0	2.9872860404
154080.0	2.9853907127
154140.0	2.8621609095
154200.0	2.6753081716
154260.0	2.8646942649
154320.0	2.7391555321
154380.0	2.7011294677
154440.0	2.8347811288
154500.0	2.7769992865
154560.0	2.6790798358
154620.0	2.953526629
154680.0	3.0621813327
154740.0	2.8503713147
154800.0	3.0855667053
154860.0	2.8431453854
154920.0	2.6969936557
154980.0	2.661724239
155040.0	2.5685641677
155100.0	2.5538994804
155160.0	2.8247940719
155220.0	2.8607449417
155280.0	2.2763504577
155340.0	2.4172115007
155400.0	2.2682184426
155460.0	2.53963566
155520.0	2.8247146067
155580.0	2.6638129063
155640.0	2.5372715485
155700.0	2.3166495956
155760.0	2.5915283485
155820.0	2.3077943346
155880.0	2.5273717997
155940.0	2.3935401855
156000.0	1.8184004436
156060.0	2.1359003513
156120.0	1.8836955615
156180.0	1.5089521004
156240.0	1.5880552398
156300.0	1.6221913154
156360.0	1.6070694811
156420.0	1.4079588836
156480.0	1.9371585761
156540.0	1.9259941302
156600.0	1.8253302435
156660.0	1.8182449013
156720.0	1.6341305159
156780.0	2.0560234982
156840.0	2.210762428
156900.0	2.0110205262
156960.0	1.8338872983
157020.0	2.0694018084
157080.0	2.1383246749
157140.0	1.8416945484
157200.0	1.9051898521
157260.0	1.9708688824
157320.0	1.7270715111
157380.0	1.5426673661
157440.0	1.6783665839
157500.0	1.4746875705
157560.0	1.418384242
157620.0	1.6815109107
157680.0	1.6259882967
157740.0	1.376672367
157800.0	1.4751515855
157860.0	1.5264329583
157920.0	1.2213656065
157980.0	1.8026870423
158040.0	1.2963105845
158100.0	1.2635116232
158160.0	1.4552126022
158220.0	1.725580754
158280.0	1.6200379488
158340.0	1.8124077521
158400.0	1.7015040198
158460.0	1.8427360439
158520.0	1.5380504656
158580.0	1.8636978327
158640.0	2.034120226
158700.0	2.0240487762
158760.0	1.7806197118
158820.0	1.9029397583
158880.0	1.7796514056
158940.0	1.8789102236
159000.0	1.7929074021
159060.0	1.849958658
159120.0	1.8980913102
159180.0	2.0800716534
159240.0	1.9225059219
159300.0	2.045168922
159360.0	2.0146200913
159420.0	1.9832221832
159480.0	2.0192162988
159540.0	2.0982525109
159600.0	2.26778912
159660.0	2.3758121212
159720.0	2.2083759061
159780.0	2.0282031734
159840.0	1.9340552663
159900.0	2.1283881825
159960.0	1.8313676504
160020.0	2.1657356151
160080.0	2.0125283363
160140.0	1.6789954335
160200.0	1.7791904874
160260.0	1.9451999181
160320.0	2.0506755766
160380.0	1.9587289259
160440.0	2.0417572695
160500.0	2.0651084564
160560.0	2.0342097666
160620.0	1.7485689816
160680.0	1.8830687196
160740.0	1.8961134944
160800.0	2.3060779555
160860.0	2.2212563984
160920.0	1.9070256244
160980.0	1.692832054
161040.0	1.7026188568
161100.0	1.8799609626
161160.0	1.6023765182
161220.0	1.5667450115
161280.0	1.7975634824
161340.0	2.2172593991
161400.0	1.9314630922
161460.0	2.3336011442
161520.0	2.0211798962
161580.0	2.0100704354
161640.0	2.1844610057
161700.0	2.2142340169
161760.0	1.9672890523
161820.0	2.565470241
161880.0	2.1294699759
161940.0	2.0970397292
162000.0	1.9442536152
162060.0	2.200162116
162120.0	2.4624268222
162180.0	2.6604824216
162240.0	2.5873437321
162300.0	2.5083833192
162360.0	2.5972949079
162420.0	2.8473732955
162480.0	2.3527629564
162540.0	2.5364766364
162600.0	2.4308115051
162660.0	2.5343162314
162720.0	2.1373641595
162780.0	2.2757882133
162840.0	2.1956630378
162900.0	2.2052100621
162960.0	2.2283588192
163020.0	2.2861925153
163080.0	2.3552354284
163140.0	2.1008169199
163200.0	2.0766748403
163260.0	2.2524734224
163320.0	2.0924479443
163380.0	1.9766260984
163440.0	1.8873621795
163500.0	1.8296311883
163560.0	1.9670377711
163620.0	2.0758837374
163680.0	2.2952576795
163740.0	2.0242171373
163800.0	2.2308274117
163860.0	2.3420116609
163920.0	2.1852380522
163980.0	2.3816122596
164040.0	2.5047614412
164100.0	2.607971301
164160.0	2.3067458459
164220.0	2.4499008571
164280.0	3.0246085258
164340.0	2.6296448864
164400.0	2.5709072486
164460.0	2.7583790273
164520.0	2.6594215164
164580.0	2.9416218611
164640.0	2.9050241649
164700.0	2.6165672683
164760.0	2.1558320355
164820.0	2.2757108566
164880.0	2.5438513201
164940.0	2.6601716139
165000.0	2.2435226798
165060.0	2.2950285473
165120.0	2.5226927234
165180.0	2.1759959219
165240.0	1.9860158659
165300.0	2.3323085295
165360.0	2.5066925144
165420.0	2.2668788455
165480.0	2.2734272154
165540.0	2.3205566276
165600.0	2.2648854928
165660.0	2.226138996
165720.0	2.2229036623
165780.0	2.247526504
165840.0	2.1257044606
165900.0	2.1589639951
165960.0	2.0261553979
166020.0	2.0819107855
166080.0	2.0681878385
166140.0	1.8796176604
166200.0	1.7594631838
166260.0	1.8019389357
166320.0	1.6971926421
166380.0	1.8523504431
166440.0	2.1544680541
166500.0	1.8419434233
166560.0	1.8411668109
166620.0	2.1051972085
166680.0	1.8382250958
166740.0	2.1143091784
166800.0	2.2524045984
166860.0	2.1114680102
166920.0	2.3597992051
166980.0	2.0653106083
167040.0	2.1988828439
167100.0	2.3862705978
167160.0	2.3465014408
167220.0	2.3614030245
167280.0	2.5108887486
167340.0	2.373671822
167400.0	2.7575962666
167460.0	2.4966224761
167520.0	2.6513672257
167580.0	2.3093391409
167640.0	2.3355708419
167700.0	2.3256425777
167760.0	2.4448527433
167820.0	2.7795202464
167880.0	2.3883325683
167940.0	2.329829087
168000.0	2.5316671029
168060.0	2.9041034188
168120.0	2.9431172924
168180.0	2.7263838299
168240.0	2.5849095453
168300.0	2.4458158293
168360.0	2.3986738454
168420.0	2.52211509
168480.0	2.3727687457
168540.0	2.4495989217
168600.0	2.0557375373
168660.0	2.2625875433
168720.0	2.3484313513
168780.0	2.5761907922
168840.0	2.3826283888
168900.0	2.5544079759
168960.0	2.773421437
169020.0	2.8051921365
169080.0	2.8270268846
169140.0	2.7304543458
169200.0	3.171311417
169260.0	3.1281497214
169320.0	3.2642043996
169380.0	3.4625243282
169440.0	3.1464385842
169500.0	3.2810971412
169560.0	3.2299564069
169620.0	2.9470847141
169680.0	3.0812657819
169740.0	2.9901864274
169800.0	3.0584197808
169860.0	3.226232624
169920.0	3.2278018547
169980.0	2.9959443641
170040.0	2.6315205895
170100.0	2.8569402501
170160.0	2.4829711478
170220.0	2.3775898088
170280.0	2.5534307921
170340.0	2.4643873534
170400.0	2.6431753963
170460.0	2.7954403344
170520.0	2.7396466593
170580.0	2.4440076868
170640.0	2.6209611662
170700.0	2.8069819034
170760.0	2.8593646972
170820.0	2.9314133673
170880.0	2.9890963009
170940.0	2.9860040636
171000.0	3.2966090803
171060.0	3.3874815198
171120.0	3.3450433051
171180.0	3.4536152553
171240.0	3.3058779663
171300.0	3.1731572364
171360.0	3.6533721239
171420.0	3.6363154365
171480.0	3.6919317416
171540.0	3.568770032
171600.0	3.943480907
171660.0	3.9057566067
171720.0	3.8189772322
171780.0	3.6983761132
171840.0	3.8257398698
171900.0	3.788189649
171960.0	3.7629564786
172020.0	3.7327265811
172080.0	4.0145830619
172140.0	3.8284790516
172200.0	3.8301351198
172260.0	3.540306454
172320.0	3.76550234
172380.0	3.8984727253
172440.0	3.9452285318
172500.0	3.7991804664
172560.0	3.8233774694
172620.0	3.6294734392
172680.0	3.299165153
172740.0	3.6491991206
172800.0	3.5805692147
172860.0	3.6172909573
172920.0	3.3075437664
172980.0	3.338377191
173040.0	3.3051031698
173100.0	3.2036994696
173160.0	3.7251595242
173220.0	3.2350380812
173280.0	3.2988445096
173340.0	2.9046991505
173400.0	3.2252854076
173460.0	3.3086732464
173520.0	3.0649495542
173580.0	3.0516327379
173640.0	3.1476472076
173700.0	3.3191066285
173760.0	3.2261099193
173820.0	2.8999466296
173880.0	2.5641773322
173940.0	2.9947849822
174000.0	2.7717967281
174060.0	2.5237117141
174120.0	2.6596868372
174180.0	2.4009632501
174240.0	2.284250015
174300.0	2.5020970183
174360.0	2.3664928245
174420.0	2.2246682708
174480.0	2.355249321
174540.0	2.5288874368
174600.0	2.5304734838
174660.0	2.5111075775
174720.0	2.4726769736
174780.0	2.9272883925
174840.0	2.6003946708
174900.0	2.5882025998
174960.0	2.7225481524
175020.0	3.0916865281
175080.0	3.1207454023
175140.0	3.0571089717
175200.0	3.2515048999
175260.0	3.2928970402
175320.0	3.4276573503
175380.0	3.3961677457
175440.0	3.1424427681
175500.0	3.3733452573
175560.0	3.3124418636
175620.0	3.3656134113
175680.0	3.1683885694
175740.0	3.3279527643
175800.0	3.391721537
175860.0	3.1270286804
175920.0	3.2043687788
175980.0	3.1881477035
176040.0	3.2565047416
176100.0	3.2932800305
176160.0	3.2366008766
176220.0	3.4097882897
176280.0	3.3971409774
176340.0	3.0970419826
176400.0	2.9752753754
176460.0	3.1208223854
176520.0	3.1916793418
176580.0	3.2949063638
176640.0	3.1874184484
176700.0	3.0926644026
176760.0	3.1806672627
176820.0	3.2401516022
176880.0	3.3428951766
176940.0	3.4289067071
177000.0	3.1447783959
177060.0	3.2417062437
177120.0	3.4204632701
177180.0	3.0215327837
177240.0	3.2581007495
177300.0	3.1532040999
177360.0	3.2001254209
177420.0	3.2587502995
177480.0	3.2063503879
177540.0	2.9367351671
177600.0	3.2210651126
177660.0	3.2163973855
177720.0	3.3379118381
177780.0	3.4925006761
177840.0	3.7099710027
177900.0	3.7072476392
177960.0	3.5267663129
178020.0	3.1833327577
178080.0	3.3696731465
178140.0	3.6247971153
178200.0	3.487275689
178260.0	3.644083862
178320.0	3.6191113253
178380.0	3.6263526728
178440.0	3.3691980899
178500.0	3.4853599135
178560.0	3.4379822021
178620.0	3.3316009759
178680.0	3.6995352703
178740.0	3.4287992317
178800.0	3.2460902708
178860.0	3.4663702353
178920.0	3.4749523508
178980.0	3.8377903022
179040.0	3.5890171855
179100.0	3.6310923581
179160.0	3.3526682525
179220.0	3.3973692305
179280.0	3.2887236267
179340.0	3.3218100041
179400.0	3.2401732547
179460.0	3.2845916339
179520.0	3.3352833287
179580.0	3.4782916415
179640.0	3.4807833779
179700.0	3.5544945351
179760.0	3.6377323222
179820.0	3.3178345188
179880.0	3.3666247542
179940.0	3.2143514303
180000.0	3.3197807784
180060.0	3.2802882435
180120.0	3.2899673571
180180.0	3.1956073643
180240.0	3.2794377348
180300.0	3.5081942272
180360.0	3.5263173834
180420.0	3.2375293039
180480.0	3.3367127616
180540.0	3.4626993484
180600.0	3.2817847352
180660.0	3.4015898606
180720.0	3.4628943946
180780.0	3.5474727382
180840.0	3.7040168341
180900.0	3.8311247035
180960.0	3.7757346059
181020.0	3.7611457972
181080.0	3.5504052925
181140.0	3.5109141893
181200.0	3.7267682657
181260.0	3.6497589094
181320.0	3.9372686857
181380.0	3.9705374966
181440.0	3.9028002173
181500.0	3.8753107766
181560.0	3.4702797564
181620.0	3.9459437415
181680.0	3.7659558537
181740.0	3.4971641244
181800.0	3.4372587812
181860.0	3.8266204151
181920.0	3.4243336992
181980.0	3.3983983051
182040.0	3.5653953557
182100.0	3.2213846693
182160.0	3.3559393981
182220.0	3.0281109866
182280.0	3.0859770537
182340.0	3.4991831305
182400.0	3.2731198827
182460.0	3.2460660558
182520.0	3.3659113954
182580.0	3.5142186601
182640.0	3.1881495076
182700.0	2.8997402154
182760.0	3.0360541723
182820.0	2.9060737092
182880.0	3.0778693619
182940.0	3.1196967664
183000.0	2.9759628381
183060.0	2.9521559268
183120.0	2.9581349271
183180.0	2.9234007983
183240.0	2.8885956886
183300.0	3.0029605252
183360.0	3.0735934049
183420.0	2.8501608334
183480.0	2.8101877757
183540.0	3.0634891211
183600.0	2.9942397663
183660.0	2.9121058328
183720.0	2.8497666085
183780.0	2.474342503
183840.0	2.4647923152
183900.0	2.664185583
183960.0	2.693047605
184020.0	2.6863844031
184080.0	2.6586593493
184140.0	2.905776728
184200.0	2.6246311104
184260.0	2.6261613486
184320.0	2.4651165596
184380.0	2.4119576749
184440.0	2.3925707102
184500.0	2.6120407847
184560.0	2.1941783073
184620.0	2.2235750549
184680.0	2.3364357568
184740.0	1.8140630738
184800.0	2.0011570788
184860.0	2.0114817114
184920.0	1.898024395
184980.0	2.1702661772
185040.0	2.0599892183
185100.0	1.7437754993
185160.0	1.8681008848
185220.0	1.9334312048
185280.0	2.0094264169
185340.0	1.9607669425
185400.0	1.9516722835
185460.0	2.092393683
185520.0	1.8444049558
185580.0	1.9683002675
185640.0	1.8560093883
185700.0	2.0081427493
185760.0	1.9127342303
185820.0	1.7475457396
185880.0	1.8735801962
185940.0	1.9863916455
186000.0	2.0908670027
186060.0	2.3066416007
186120.0	2.0209817
186180.0	2.2120016582
186240.0	2.1425429511
186300.0	2.045662274
186360.0	1.9886513837
186420.0	2.2050888665
186480.0	2.2710525521
186540.0	2.1584397671
186600.0	2.1840034615
186660.0	2.337003074
186720.0	2.2276467989
186780.0	2.33031384
186840.0	2.3169435932
186900.0	2.4741551543
186960.0	2.4054820311
187020.0	2.4453193912
187080.0	2.3998181714
187140.0	2.6385601549
187200.0	2.345680387
187260.0	2.481285725
187320.0	2.5680106585
187380.0	2.7804664743
187440.0	2.4854324855
187500.0	2.5495218223
187560.0	2.9756395221
187620.0	2.9844230071
187680.0	3.0487560454
187740.0	3.1383516204
187800.0	3.205228037
187860.0	3.1824159342
187920.0	3.0071707507
187980.0	2.8138294129
188040.0	2.7370224693
188100.0	2.7559923293
188160.0	3.0635137187
188220.0	2.7381303213
188280.0	2.7383143068
188340.0	2.5756355194
188400.0	2.7993601883
188460.0	3.0874253493
188520.0	3.1017381561
188580.0	3.0909770348
188640.0	2.7121507981
188700.0	2.6515338751
188760.0	2.8424508716
188820.0	2.4427993096
188880.0	2.6311620165
188940.0	2.6409931669
189000.0	2.6910939814
189060.0	2.4499898542
189120.0	2.4706586893
189180.0	2.5326084236
189240.0	2.7051119147
189300.0	2.8222344997
189360.0	2.5035066277
189420.0	2.8325882846
189480.0	2.5039293222
189540.0	3.006826494
189600.0	2.5700336862
189660.0	2.5845630765
189720.0	2.7089641925
189780.0	2.562333233
189840.0	2.4065674367
189900.0	2.5596502411
189960.0	2.5857467891
190020.0	2.7181390161
190080.0	2.6859286689
190140.0	2.6534950062
190200.0	2.5296931911
190260.0	2.7794223198
190320.0	2.497936998
190380.0	2.5568088183
190440.0	2.5676937748
190500.0	2.3336434691
190560.0	2.5076550515
190620.0	2.2087355016
190680.0	2.0185263508
190740.0	1.8795171664
190800.0	2.3511415527
190860.0	2.301929752
190920.0	2.4025248289
190980.0	2.8072801473
191040.0	2.6226427774
191100.0	2.7111779088
191160.0	2.8102386134
191220.0	2.788081512
191280.0	2.6810095822
191340.0	2.7011560806
191400.0	2.5887045015
191460.0	2.7782360399
191520.0	2.7965871804
191580.0	2.655436976
191640.0	2.4935036583
191700.0	2.3359811496
191760.0	2.7246870987
191820.0	2.5361823708
191880.0	2.7101441973
191940.0	2.8464899594
192000.0	2.5622715298
192060.0	2.3911253536
192120.0	2.5267758271
192180.0	2.3826929375
192240.0	2.344049996
192300.0	2.4901098203
192360.0	2.3485535086
192420.0	2.2461919214
192480.0	2.5997734381
192540.0	2.5384212502
192600.0	2.6228210246
192660.0	2.4362929286
192720.0	2.5123116152
192780.0	2.7945460003
192840.0	2.6573699952
192900.0	2.8204560115
192960.0	2.7925023129
193020.0	2.3366899181
193080.0	2.2916535372
193140.0	2.7384079394
193200.0	2.3853400133
193260.0	2.6009008666
193320.0	2.6253185265
193380.0	2.5447823575
193440.0	2.75627222
193500.0	2.5148765021
193560.0	2.4345064285
193620.0	2.3647638874
193680.0	2.4363536513
193740.0	2.5342237773
193800.0	2.6862032897
193860.0	2.8110806653
193920.0	2.8784167628
193980.0	2.8396561907
194040.0	2.7503797931
194100.0	2.8380348734
194160.0	2.9541735339
194220.0	3.1630063426
194280.0	2.9294286992
194340.0	3.26317231
194400.0	3.1334049758
194460.0	3.1310998356
194520.0	3.1360676924
194580.0	3.3594249492
194640.0	3.3537961826
194700.0	3.3726850193
194760.0	3.4207647263
194820.0	3.548449819
194880.0	3.4422287211
194940.0	3.095845844
195000.0	3.4285624687
195060.0	3.2206591434
195120.0	2.9906033724
195180.0	3.1071742131
195240.0	3.3150384766
195300.0	3.6170138271
195360.0	3.7295256222
195420.0	3.6436739111
195480.0	3.4351227492
195540.0	3.4068303917
195600.0	2.9877624978
195660.0	3.2198783486
195720.0	3.4153623689
195780.0	3.1379488278
195840.0	3.6675700997
195900.0	3.1417819785
195960.0	3.0170921646
196020.0	3.1421545086
196080.0	3.1813891684
196140.0	2.8629200057
196200.0	3.0062794394
196260.0	2.9074403505
196320.0	3.0339150443
196380.0	3.2006590136
196440.0	3.1892085659
196500.0	3.1871122145
196560.0	3.2362337862
196620.0	3.4786559673
196680.0	3.4076765051
196740.0	3.101537055
196800.0	3.1103128667
196860.0	3.342960941
196920.0	3.6026193715
196980.0	3.878170251
197040.0	3.804028676
197100.0	3.7963202983
197160.0	3.9746953672
197220.0	4.1664252383
197280.0	3.686878507
197340.0	3.7291614772
197400.0	4.2007213307
197460.0	4.0321673067
197520.0	4.0986053722
197580.0	4.119214575
197640.0	3.8616956638
197700.0	4.1619303187
197760.0	4.0271836112
197820.0	4.0489806535
197880.0	3.8965017456
197940.0	4.0304482164
198000.0	3.7273861888
198060.0	4.0195884675
198120.0	3.7697377923
198180.0	3.8119713946
198240.0	4.1084226286
198300.0	3.8589767299
198360.0	4.2155386691
198420.0	4.1122440995
198480.0	4.4851358008
198540.0	4.5704694533
198600.0	4.4944330602
198660.0	4.3393828583
198720.0	4.2817654787
198780.0	3.9980157697
198840.0	4.3202071183
198900.0	4.0367694292
198960.0	3.8448401783
199020.0	3.8768714117
199080.0	4.0682786209
199140.0	3.8154820861
199200.0	3.840731203
199260.0	3.9590658178
199320.0	3.927696401
199380.0	3.8704936172
199440.0	4.0262348692
199500.0	3.8730050753
199560.0	3.8336165694
199620.0	3.8158311525
199680.0	3.9888321303
199740.0	4.4567723082
199800.0	4.1476582977
199860.0	4.0360124998
199920.0	4.0640731206
199980.0	4.5616599907
200040.0	4.39933718
200100.0	4.5789774611
200160.0	4.7713956296
200220.0	4.7878524726
200280.0	4.4074153616
200340.0	4.3323991721
200400.0	4.1854779905
200460.0	4.1425661165
200520.0	4.1508770418
200580.0	4.2758106027
200640.0	4.4734211979
200700.0	4.1344098155
200760.0	4.3137398428
200820.0	4.3750289407
200880.0	4.0253431727
200940.0	3.952547972
201000.0	3.972914565
201060.0	3.8081178097
201120.0	3.7937069768
201180.0	3.7610415965
201240.0	3.4570844923
201300.0	3.6755582226
201360.0	3.5125631342
201420.0	3.6521879229
201480.0	3.3578439176
201540.0	3.5592901208
201600.0	3.6574313281
201660.0	4.0426522217
201720.0	3.7763558745
201780.0	3.7827079827
201840.0	3.593040534
201900.0	3.7884305247
201960.0	3.4375187228
202020.0	3.8414465378
202080.0	4.2731730205
202140.0	4.0141943592
202200.0	4.0264821639
202260.0	4.1371057578
202320.0	3.8430158785
202380.0	3.9651547112
202440.0	3.6567531656
202500.0	3.6322495049
202560.0	3.6118089628
202620.0	3.6212317152
202680.0	3.4486629375
202740.0	3.4053876162
202800.0	3.7444902315
202860.0	3.9086614979
202920.0	4.1010071816
202980.0	3.728280506
203040.0	4.0247119044
203100.0	4.0363846045
203160.0	3.5779241975
203220.0	4.0217843148
203280.0	3.8047758957
203340.0	3.8552519014
203400.0	3.7503777176
203460.0	3.6044277982
203520.0	3.7933604423
203580.0	3.9880479545
203640.0	3.8749106273
203700.0	4.1309769217
203760.0	4.1046650779
203820.0	4.022240837
203880.0	3.9678447397
203940.0	3.8099006663
204000.0	3.8513457117
204060.0	4.0210541232
204120.0	3.8634030405
204180.0	4.0845907799
204240.0	3.9350551016
204300.0	4.2864595516
204360.0	4.1858917667
204420.0	4.3773379528
204480.0	4.4741563014
204540.0	3.9360544674
204600.0	4.1069536111
204660.0	4.9024240862
204720.0	4.6438707407
204780.0	4.469686337
204840.0	4.6638496416
204900.0	4.5675117205
204960.0	4.5640184297
205020.0	4.2465534727
205080.0	4.3044383206
205140.0	4.3491711864
205200.0	4.3539898034
205260.0	4.4157052642
205320.0	4.7676830152
205380.0	4.6982214378
205440.0	4.4789945273
205500.0	4.3621462222
205560.0	4.0844045143
205620.0	3.9975354263
205680.0	4.1162904937
205740.0	4.1572272265
205800.0	4.1027543921
205860.0	4.3775794786
205920.0	4.0164761014
205980.0	3.6776406415
206040.0	4.0955441882
206100.0	4.1077337782
206160.0	4.0750676053
206220.0	3.8934803264
206280.0	3.9756240251
206340.0	4.0893086843
206400.0	4.4198327978
206460.0	4.1481986167
206520.0	4.3337402383
206580.0	3.8182718343
206640.0	4.4692001582
206700.0	4.3808195062
206760.0	4.5040025734
206820.0	4.6064231114
206880.0	4.6647322293
206940.0	4.6781383362
207000.0	4.8230796784
207060.0	4.2151530876
207120.0	4.229759513
207180.0	4.4156302174
207240.0	4.4691942078
207300.0	4.4392647176
207360.0	4.5053139126
207420.0	4.3903091636
207480.0	4.3116994813
207540.0	4.3906807488
207600.0	4.601854136
207660.0	4.3105591647
207720.0	4.3020760834
207780.0	4.6050888564
207840.0	4.4183334615
207900.0	4.4309496087
207960.0	4.6203304749
208020.0	4.545820312
208080.0	4.5741980974
208140.0	4.5179867776
208200.0	4.4921984511
208260.0	4.6064997557
208320.0	4.610127396
208380.0	4.8717737794
208440.0	4.8368653988
208500.0	5.0391685665
208560.0	4.6976871659
208620.0	4.7098279006
208680.0	4.9793246672
208740.0	4.8741716639
208800.0	4.5456047812
208860.0	4.9865420155
208920.0	5.1021949856
208980.0	4.7845971725
209040.0	4.519430457
209100.0	4.7376736472
209160.0	4.7118322252
209220.0	4.67738723
209280.0	4.9398713601
209340.0	5.004259976
209400.0	4.5311196939
209460.0	4.8273141377
209520.0	4.8301836205
209580.0	4.7674748249
209640.0	5.0944711643
209700.0	5.0042199237
209760.0	5.166220704
209820.0	5.058002515
209880.0	4.9182877591
209940.0	5.3102223837
210000.0	5.3643308596
210060.0	5.3423195392
210120.0	5.192817287
210180.0	5.4365675208
210240.0	5.1743998977
210300.0	5.1987880764
210360.0	5.2183515401
210420.0	5.1164605129
210480.0	4.8204687755
210540.0	5.0784940795
210600.0	5.0087778464
210660.0	5.1910805561
210720.0	5.4086638581
210780.0	5.3491068349
210840.0	5.1163434209
210900.0	5.5464572702
210960.0	5.4942277197
211020.0	5.725090227
211080.0	5.4583817229
211140.0	5.3602293476
211200.0	5.5254661729
211260.0	5.5096166092
211320.0	6.0574681353
211380.0	6.0409297285
211440.0	5.9380611828
211500.0	5.8664031644
211560.0	5.7813769066
211620.0	5.4035544699
211680.0	5.8008455645
211740.0	5.9554127458
211800.0	5.8003843904
211860.0	5.6344534598
211920.0	5.4265315607
211980.0	5.7300110479
212040.0	5.9219241861
212100.0	5.8721551888
212160.0	5.7610290322
212220.0	5.752229824
212280.0	5.2116143922
212340.0	5.9730897077
212400.0	5.5834241766
212460.0	5.8434647302
212520.0	5.8077655783
212580.0	5.6815687819
212640.0	5.4130735036
212700.0	5.6561064391
212760.0	5.4410090341
212820.0	5.5020666388
212880.0	5.7438202006
212940.0	5.6288174495
213000.0	5.5467392393
213060.0	5.3994347415
213120.0	5.642209506
213180.0	5.6236853377
213240.0	5.9637334673
213300.0	5.9375001124
213360.0	5.941157496
213420.0	6.1812925237
213480.0	6.3932482321
213540.0	6.1007227294
213600.0	6.0157406205
213660.0	6.0112320237
213720.0	5.6342724399
213780.0	5.804181276
213840.0	5.659167611
213900.0	5.6665255991
213960.0	5.4932517739
214020.0	5.8672411492
214080.0	5.6704333058
214140.0	5.4722167505
214200.0	5.5298816626
214260.0	5.5108447876
214320.0	5.7617279999
214380.0	5.9464894909
214440.0	5.5712047593
214500.0	5.9608306261
214560.0	5.9332917755
214620.0	5.7980540168
214680.0	5.5311698393
214740.0	5.4961088622
214800.0	5.681656765
214860.0	5.775872822
214920.0	5.8730124008
214980.0	5.7711622255
215040.0	5.694654574
215100.0	5.9318019519
215160.0	5.614869557
215220.0	5.8791702001
215280.0	5.9060157782
215340.0	5.9042621233
215400.0	6.415874824
215460.0	6.1863891943
215520.0	5.9822521759
215580.0	6.5440012493
215640.0	6.1464670268
215700.0	6.1178395459
215760.0	5.942886893
215820.0	5.7328723202
215880.0	5.4958194893
215940.0	5.5407056071
216000.0	5.7337215507
216060.0	5.7497462619
216120.0	5.5621330645
216180.0	5.5806977948
216240.0	5.5602666454
216300.0	5.6339552964
216360.0	5.8606937275
216420.0	5.783314948
216480.0	5.652506296
216540.0	5.7429577055
216600.0	5.6117299694
216660.0	5.7222160306
216720.0	5.525490604
216780.0	5.5054263376
216840.0	5.6642716021
216900.0	5.3307602552
216960.0	5.1853712006
217020.0	5.1490813345
217080.0	5.121778301
217140.0	5.0864086004
217200.0	4.6170940986
217260.0	4.8671867444
217320.0	4.4148283036
217380.0	4.8365209295
217440.0	4.4919072915
217500.0	4.8666074611
217560.0	4.9484843482
217620.0	4.7416141169
217680.0	4.7791985277
217740.0	4.9984206305
217800.0	4.991410245
217860.0	5.0460551736
217920.0	4.6166633128
217980.0	4.6642808415
218040.0	4.8357512315
218100.0	4.7558283212
218160.0	4.5198109514
218220.0	4.4913472943
218280.0	4.7060612513
218340.0	4.7570934747
218400.0	4.6150283764
218460.0	4.6977241579
218520.0	4.7272366837
218580.0	4.5503643852
218640.0	4.8717333569
218700.0	4.4294270917
218760.0	5.0310230802
218820.0	5.0636941964
218880.0	4.6977155768
218940.0	4.8494016132
219000.0	4.9855240795
219060.0	4.651880277
219120.0	4.8015201746
219180.0	5.0410131265
219240.0	4.8599695182
219300.0	5.1475687265
219360.0	5.0502600311
219420.0	4.7285581668
219480.0	4.8265413714
219540.0	4.8182101947
219600.0	4.691373841
219660.0	4.5045559141
219720.0	4.4121097885
219780.0	4.6124218292
219840.0	4.7639624046
219900.0	4.771062058
219960.0	4.7456174481
220020.0	4.6856234622
220080.0	4.6331607085
220140.0	4.5905129438
220200.0	4.5446628695
220260.0	4.5580872354
220320.0	4.4907790053
220380.0	4.5938108113
220440.0	4.6069647891
220500.0	4.4366830302
220560.0	4.4463677683
220620.0	4.2909229677
220680.0	4.6128563293
220740.0	4.5181359321
220800.0	4.8364557837
220860.0	4.3183285429
220920.0	4.496358736
220980.0	4.3500318803
221040.0	4.4994971432
221100.0	4.2748824178
221160.0	4.1558668892
221220.0	4.4462221377
221280.0	4.4520251016
221340.0	4.1697036677
221400.0	4.0910368804
221460.0	4.3476443922
221520.0	4.6322874807
221580.0	4.2190878254
221640.0	4.0030099359
221700.0	4.3087906974
221760.0	4.2362813159
221820.0	4.280478905
221880.0	3.7986093648
221940.0	3.5720527737
222000.0	3.9722586806
222060.0	3.5209977381
222120.0	3.52281733
222180.0	3.5436279372
222240.0	3.6226706887
222300.0	3.4591777108
222360.0	3.5359288655
222420.0	3.3577033164
222480.0	3.0774524977
222540.0	3.0555974515
222600.0	3.5027321827
222660.0	3.4068151477
222720.0	3.3175344765
222780.0	3.3887197883
222840.0	3.2241736963
222900.0	3.1576105551
222960.0	3.3121509311
223020.0	3.2251247613
223080.0	3.1853194131
223140.0	3.2327863128
223200.0	3.3168472153
223260.0	3.2237871777
223320.0	3.117475256
223380.0	2.7242234597
223440.0	3.0106585642
223500.0	2.9951063223
223560.0	3.1069673467
223620.0	3.2378283342
223680.0	3.0379927191
223740.0	3.0300416872
223800.0	3.1954634064
223860.0	3.4079040987
223920.0	3.246610535
223980.0	3.1695714065
224040.0	3.1559261972
224100.0	3.4134317649
224160.0	3.1305634379
224220.0	3.6721921924
224280.0	3.4608352594
224340.0	3.5673310466
224400.0	3.4964171818
224460.0	3.6992440824
224520.0	3.3672979197
224580.0	3.4025239253
224640.0	3.285037913
224700.0	3.5462834678
224760.0	3.5769937767
224820.0	3.7307828591
224880.0	3.6151664311
224940.0	3.9119496222
225000.0	3.9883878494
225060.0	3.9913352626
225120.0	4.0011332623
225180.0	3.5360457955
225240.0	3.7993419394
225300.0	4.1034320511
225360.0	3.7539234674
225420.0	3.5894869474
225480.0	3.5000481139
225540.0	3.4462386637
225600.0	3.5654759917
225660.0	3.6460230654
225720.0	3.8697253322
225780.0	3.4508534229
225840.0	3.4022386066
225900.0	3.4092731346
225960.0	3.0697469864
226020.0	3.2037216299
226080.0	3.2327361439
226140.0	2.9744966182
226200.0	2.8490463792
226260.0	3.0326104897
226320.0	2.9318882697
226380.0	3.2559683948
226440.0	3.2200314182
226500.0	3.7392776956
226560.0	3.3354715602
226620.0	3.3816174281
226680.0	3.2847129402
226740.0	3.7256861521
226800.0	3.8187392907
226860.0	3.7697045232
226920.0	3.7315652473
226980.0	3.5225608356
227040.0	3.5952303059
227100.0	3.761721328
227160.0	3.707889316
227220.0	3.7968313899
227280.0	3.5518050684
227340.0	3.68870205
227400.0	3.8191229526
227460.0	3.6282162693
227520.0	3.5308913424
227580.0	3.630786883
227640.0	3.727956216
227700.0	3.7789151654
227760.0	3.6581364593
227820.0	3.5705550692
227880.0	3.4737197921
227940.0	3.5809798405
228000.0	3.799978838
228060.0	4.1094574336
228120.0	4.0814938517
228180.0	3.8829965603
228240.0	4.1338966613
228300.0	4.1098494561
228360.0	3.9309685955
228420.0	3.5395718505
228480.0	3.5010081553
228540.0	3.6943821469
228600.0	3.6747718029
228660.0	3.3957910046
228720.0	3.7439947805
228780.0	3.5179945739
228840.0	3.1462921106
228900.0	3.3475236904
228960.0	3.2316906027
229020.0	3.3333485734
229080.0	3.1193572798
229140.0	3.3687395859
229200.0	3.5404641892
229260.0	3.445644824
229320.0	3.5037785635
229380.0	3.5207997996
229440.0	3.6112392419
229500.0	3.5025946711
229560.0	3.5709843706
229620.0	3.402586063
229680.0	3.9636071474
229740.0	3.3465381197
229800.0	3.5706938351
229860.0	3.8364122264
229920.0	3.7216668243
229980.0	3.9147678062
230040.0	3.9161972364
230100.0	4.1298124273
230160.0	4.3515832533
230220.0	4.3128004759
230280.0	3.8602728258
230340.0	3.8600418561
230400.0	3.7295222106
230460.0	3.8475123319
230520.0	3.805013917
230580.0	3.8065494357
230640.0	4.1345586981
230700.0	4.1387975261
230760.0	4.1395955291
230820.0	4.1691683111
230880.0	4.4486650112
230940.0	4.2537771879
231000.0	4.3110890078
231060.0	4.2669239028
231120.0	4.1172615646
231180.0	4.426711036
231240.0	4.3880773949
231300.0	4.4830524136
231360.0	4.1889434076
231420.0	4.2943213006
231480.0	4.2120054445
231540.0	4.0915469284
231600.0	4.4194604104
231660.0	4.2872640327
231720.0	3.9987401839
231780.0	3.9778027815
231840.0	3.7111317959
231900.0	3.8219722601
231960.0	3.8027251707
232020.0	3.9924706444
232080.0	3.7768133799
232140.0	3.6717003431
232200.0	3.9508849468
232260.0	3.4518844292
232320.0	3.7198322857
232380.0	3.8550657896
232440.0	3.6666286218
232500.0	3.4634027735
232560.0	3.3690441374
232620.0	3.4323454966
232680.0	3.4477340636
232740.0	3.8125488884
232800.0	4.3571356172
232860.0	4.207191172
232920.0	4.3674883834
232980.0	4.1653798835
233040.0	4.1503976723
233100.0	4.1417421883
233160.0	4.2793216665
233220.0	4.3681068858
233280.0	4.4586497717
233340.0	4.5664694478
233400.0	4.202528361
233460.0	4.4383663589
233520.0	4.8314307681
233580.0	4.3310959647
233640.0	4.4517055422
233700.0	4.4028645838
233760.0	4.4767286671
233820.0	4.3297155488
233880.0	4.7619321054
233940.0	4.4665641523
234000.0	4.3402138188
234060.0	4.3292263179
234120.0	4.4578623836
234180.0	3.9482197963
234240.0	4.169060684
234300.0	4.0185908802
234360.0	4.0306909548
234420.0	3.5575491621
234480.0	3.714102377
234540.0	3.4999774452
234600.0	3.5485836178
234660.0	3.5354802719
234720.0	3.5317038327
234780.0	3.0489432377
234840.0	3.2642152771
234900.0	3.1324460497
234960.0	3.193644973
235020.0	3.6480635235
235080.0	3.4274675622
235140.0	3.7589259852
235200.0	3.3907517353
235260.0	3.3094089141
235320.0	3.5314910542
235380.0	3.7936240279
235440.0	3.8840742912
235500.0	3.7360533264
235560.0	3.7439707174
235620.0	3.6511328992
235680.0	3.3231886794
235740.0	3.5681136621
235800.0	3.8536988631
235860.0	3.6548192555
235920.0	3.8520256097
235980.0	3.6285947536
236040.0	3.611107159
236100.0	3.8327690474
236160.0	3.804063992
236220.0	3.7559727007
236280.0	3.6428503141
236340.0	4.0032618704
236400.0	3.981800329
236460.0	3.8667898404
236520.0	3.9702405535
236580.0	3.9034895132
236640.0	3.6907386267
236700.0	3.8620763841
236760.0	3.8703961763
236820.0	3.8654407006
236880.0	3.9375976236
236940.0	4.4947676959
237000.0	4.0269340303
237060.0	4.1846393504
237120.0	4.272950062
237180.0	4.0047063808
237240.0	4.4622023223
237300.0	4.76030046
237360.0	4.4381302715
237420.0	4.1636992955
237480.0	4.5613760969
237540.0	4.1778476499
237600.0	4.3271883304
237660.0	4.3419106245
237720.0	4.4340639091
237780.0	4.1595288499
237840.0	4.1828153779
237900.0	3.9847550715
237960.0	4.0912804
238020.0	4.2347502831
238080.0	3.9997282947
238140.0	4.0032192424
238200.0	4.0688233386
238260.0	4.3693672524
238320.0	4.2336453244
238380.0	4.0655820269
238440.0	4.3166585897
238500.0	4.0621898742
238560.0	4.2519027007
238620.0	4.352221913
238680.0	4.0054951753
238740.0	3.9209597981
238800.0	3.9977212271
238860.0	3.8204458963
238920.0	3.8906592068
238980.0	4.0043676331
239040.0	3.9608122368
239100.0	4.2915926546
239160.0	4.4657812398
239220.0	4.0927645398
239280.0	4.2360939344
239340.0	4.5651830536
239400.0	4.4504347082
239460.0	4.2188551771
239520.0	4.38925144
239580.0	4.3774833406
239640.0	4.0411129774
239700.0	4.0612869511
239760.0	4.0514780727
239820.0	4.1473176857
239880.0	4.4216074229
239940.0	4.3281234927
240000.0	4.5763712559
240060.0	4.9054448972
240120.0	4.5303530791
240180.0	4.705750686
240240.0	4.8973528554
240300.0	5.1134515535
240360.0	5.0022990632
240420.0	4.7964638943
240480.0	4.8935076231
240540.0	4.5496784178
240600.0	4.6479634735
240660.0	4.5113894606
240720.0	4.3274770286
240780.0	4.2613867455
240840.0	4.3906771551
240900.0	4.0617932266
240960.0	3.9166937908
241020.0	4.0332901969
241080.0	3.8406947475
241140.0	4.1621964242
241200.0	3.9923071713
241260.0	3.6638346365
241320.0	3.9556234066
241380.0	3.721172681
241440.0	3.5715339306
241500.0	3.4584624127
241560.0	3.7421779595
241620.0	3.791110232
241680.0	3.2946308675
241740.0	3.7474777913
241800.0	3.9310324322
241860.0	3.9824507778
241920.0	3.6299170437
241980.0	3.6996248537
242040.0	3.6255001354
242100.0	3.7959285856
242160.0	3.7118558294
242220.0	3.5903761722
242280.0	3.5798210762
242340.0	3.4099586554
242400.0	3.1850806544
242460.0	3.3449427313
242520.0	3.2986160696
242580.0	3.2443086566
242640.0	3.415284805
242700.0	3.1457205346
242760.0	3.0553232455
242820.0	3.0559267674
242880.0	3.0322397946
242940.0	3.0635045276
243000.0	2.8656242272
243060.0	2.8934891664
243120.0	2.7653917172
243180.0	2.7424592904
243240.0	2.6498903231
243300.0	2.761330015
243360.0	2.4487878431
243420.0	2.2999290552
243480.0	2.8038777484
243540.0	2.7533707965
243600.0	2.7150050277
243660.0	2.5290665202
243720.0	2.7741298875
243780.0	2.7943499304
243840.0	2.7884027588
243900.0	2.9384921489
243960.0	2.8477749932
244020.0	3.1255381699
244080.0	2.9113300232
244140.0	2.6112732197
244200.0	2.6370840681
244260.0	2.5637714341
244320.0	2.4743853378
244380.0	2.1795245086
244440.0	2.2875330506
244500.0	1.8257770492
244560.0	2.0636345426
244620.0	1.7360575822
244680.0	1.7229562066
244740.0	1.694658337
244800.0	1.8487249151
244860.0	1.6795233029
244920.0	1.9476762014
244980.0	1.7678851428
245040.0	1.8601380927
245100.0	1.9140929313
245160.0	1.5587366727
245220.0	1.808658836
245280.0	1.9275767732
245340.0	2.0722748126
245400.0	1.9261995339
245460.0	1.9099778239
245520.0	1.5387847089
245580.0	1.5954581597
245640.0	1.8420152957
245700.0	1.9455979011
245760.0	1.7260449692
245820.0	2.0211040037
245880.0	1.9610336016
245940.0	2.149649708
246000.0	2.3279080292
246060.0	1.9069689166
246120.0	2.3270311701
246180.0	2.0456381876
246240.0	2.5023685653
246300.0	2.3063822251
246360.0	2.5317298049
246420.0	2.1327204683
246480.0	2.3120701021
246540.0	2.1102022339
246600.0	2.2905969763
246660.0	2.5861926722
246720.0	2.4160277181
246780.0	2.4801677424
246840.0	2.3920939334
246900.0	2.0094419005
246960.0	2.2943296504
247020.0	2.2619036075
247080.0	2.2758519612
247140.0	2.4979694961
247200.0	2.2551477138
247260.0	2.0750236681
247320.0	2.1691113251
247380.0	2.039375569
247440.0	2.0949888093
247500.0	2.4094662198
247560.0	2.5100717356
247620.0	2.5883385077
247680.0	2.3299120343
247740.0	2.4855802848
247800.0	2.6635688592
247860.0	2.6138340227
247920.0	2.3552172938
247980.0	2.3244511896
248040.0	2.6040354107
248100.0	2.3890181154
248160.0	2.1390195546
248220.0	2.1616351847
248280.0	1.9855973621
248340.0	1.8142165932
248400.0	2.2837130013
248460.0	2.5020222819
248520.0	2.5003417506
248580.0	2.4681288385
248640.0	2.3775620554
248700.0	2.2493447431
248760.0	2.3343792983
248820.0	2.778697412
248880.0	2.8180150258
248940.0	2.6893777805
249000.0	2.9830358009
249060.0	3.0903210702
249120.0	2.851999715
249180.0	2.6998656212
249240.0	2.6800601766
249300.0	2.6475462862
249360.0	2.57314564
249420.0	2.5953423858
249480.0	2.3956653124
249540.0	2.5016694013
249600.0	2.7295951316
249660.0	2.4871041776
249720.0	2.4553940903
249780.0	2.466926644
249840.0	2.6729907979
249900.0	2.2651674534
249960.0	2.3050025085
250020.0	2.4171410391
250080.0	2.4918973206
250140.0	2.391417301
250200.0	2.3859493546
250260.0	2.3613593583
250320.0	2.2813436171
250380.0	2.3896242972
250440.0	2.20008347
250500.0	2.4038307514
250560.0	2.3225073321
250620.0	2.500134041
250680.0	2.6495613891
250740.0	2.5593059295
250800.0	2.8808206772
250860.0	2.5195939607
250920.0	2.4719321753
250980.0	2.4558589523
251040.0	2.2389146558
251100.0	2.0068828814
251160.0	2.193690231
251220.0	1.7957013131
251280.0	1.4621876999
251340.0	1.9363494797
251400.0	2.0388222006
251460.0	2.1503512794
251520.0	1.8751480397
251580.0	2.1348216964
251640.0	2.1643822666
251700.0	1.8857986335
251760.0	2.0390524727
251820.0	2.0811734853
251880.0	2.0988840939
251940.0	2.2512637318
252000.0	2.051740581
252060.0	2.2594954889
252120.0	1.9311633976
252180.0	2.1703845373
252240.0	1.7149586336
252300.0	2.1017929905
252360.0	1.95238251
252420.0	1.7762698229
252480.0	1.8217979459
252540.0	1.7865565243
252600.0	1.9581379428
252660.0	1.9066177914
252720.0	2.1516024058
252780.0	2.5487878003
252840.0	2.2881758625
252900.0	2.5143671073
252960.0	2.5560400587
253020.0	2.7618165175
253080.0	2.825367949
253140.0	2.9075343013
253200.0	2.4979791567
253260.0	2.5371958628
253320.0	2.4866283396
253380.0	3.0304764207
253440.0	2.6972134676
253500.0	2.616641414
253560.0	3.0498642079
253620.0	3.062780644
253680.0	2.9344426259
253740.0	2.9003392708
253800.0	3.0229063476
253860.0	2.9006391119
253920.0	3.1220525921
253980.0	3.1020933044
254040.0	3.1198686454
254100.0	3.089825599
254160.0	2.8588088629
254220.0	3.1746072042
254280.0	3.2002474836
254340.0	3.0311181964
254400.0	3.255521103
254460.0	3.4561854056
254520.0	3.0884821929
254580.0	3.5658562248
254640.0	3.7382122084
254700.0	3.4042290319
254760.0	3.750103839
254820.0	3.6943070939
254880.0	3.7485170869
254940.0	3.8143290345
255000.0	3.6261435814
255060.0	3.5018876362
255120.0	3.2729652384
255180.0	3.1112786133
255240.0	2.9968782312
255300.0	2.4426907893
255360.0	2.8599555297
255420.0	3.2133171646
255480.0	2.8983410787
255540.0	2.7313283089
255600.0	2.5609549076
255660.0	3.0359331799
255720.0	2.7610045735
255780.0	2.9801973406
255840.0	2.7633436075
255900.0	2.5142313615
255960.0	2.6375001249
256020.0	2.530467583
256080.0	2.7466174609
256140.0	2.916296412
256200.0	2.7323419369
256260.0	2.9777426334
256320.0	2.8739290194
256380.0	2.9484418416
256440.0	2.8620408892
256500.0	3.0774717659
256560.0	3.0633126255
256620.0	2.9959947616
256680.0	3.2741037234
256740.0	3.2263583978
256800.0	3.0930336495
256860.0	3.340049733
256920.0	3.1029853823
256980.0	2.8428800279
257040.0	3.1237636926
257100.0	3.1042926876
257160.0	3.176381669
257220.0	3.0631269919
257280.0	3.3578559144
257340.0	3.0421308287
257400.0	3.060723365
257460.0	2.8360292794
257520.0	2.7762905512
257580.0	2.6018369815
257640.0	2.8761057441
257700.0	2.8981604908
257760.0	2.8324557091
257820.0	2.4320194483
257880.0	2.3780516631
257940.0	2.7166091001
258000.0	2.6566592384
258060.0	2.7284063295
258120.0	2.3362389045
258180.0	2.40911674
258240.0	2.3499054102
258300.0	2.0682275214
258360.0	2.352050736
258420.0	2.1934579908
258480.0	2.1041891178
258540.0	1.806524628
258600.0	1.6499721437
258660.0	1.6755429714
258720.0	2.0208246253
258780.0	1.9106242207
258840.0	1.9889609988
258900.0	2.0936181515
258960.0	2.316380753
259020.0	2.3067266988
259080.0	2.184768799
259140.0	2.3134550881
259200.0	2.6425209001
